total_sent_emails,late_night_email_pct,weekend_email_pct,avg_send_hour,late_night_trend,total_events,declined_event_pct,decline_trend,meeting_hours_per_week,avg_meeting_duration_min,avg_attendees_per_meeting,burnout
102,0.1,5.2,14.4,-0.019,27,0.0,0.002,9.8,48.3,2.1,0
98,6.3,4.7,10.3,-0.03,20,1.4,-0.045,15.7,35.3,7.9,0
138,54.9,33.4,20.9,0.024,39,27.9,0.143,35.2,82.5,5.4,1
53,20.3,35.9,22.3,0.142,55,47.0,0.186,20.7,53.8,4.4,1
133,5.4,3.9,10.5,-0.049,13,10.8,-0.038,0.8,52.6,6.2,0
184,50.5,25.1,20.3,0.062,43,44.2,0.126,26.2,70.3,7.1,1
72,11.1,4.5,14.1,-0.001,27,3.2,-0.018,7.0,57.7,5.6,0
77,48.6,14.6,22.7,0.086,77,19.6,0.084,44.0,57.2,9.2,1
68,3.4,9.1,15.3,-0.025,16,3.0,-0.02,7.4,31.4,2.2,0
221,32.5,26.7,21.8,0.021,75,27.5,0.151,29.2,73.5,9.1,1
142,55.1,21.6,20.7,0.11,38,30.6,0.037,40.2,62.9,8.1,1
51,5.5,3.2,16.4,-0.011,6,15.4,0.008,11.1,55.3,3.1,0
125,0.0,0.0,17.1,-0.008,39,5.6,0.006,16.8,31.4,3.8,0
297,47.0,35.4,22.0,0.09,31,32.6,0.135,23.3,71.5,11.8,1
120,5.9,2.6,15.5,-0.03,39,11.0,-0.047,18.6,38.8,3.7,0
104,11.5,4.7,11.7,-0.023,27,0.0,-0.021,6.5,35.8,7.1,0
267,46.7,30.7,22.1,0.06,48,25.6,0.096,29.1,72.5,4.7,1
60,3.0,5.9,11.6,-0.009,26,3.6,-0.048,7.9,41.5,4.0,0
125,9.5,4.2,10.2,-0.041,34,0.0,-0.026,8.3,49.8,3.5,0
138,46.0,19.9,22.9,0.113,24,40.8,0.096,24.8,61.0,10.1,1
48,9.3,4.5,14.8,-0.047,9,15.6,-0.034,2.5,57.3,5.0,0
137,4.9,6.8,15.1,-0.01,37,10.4,-0.017,16.1,35.4,7.8,0
211,29.0,26.1,22.1,0.059,30,55.0,0.152,36.3,57.7,5.4,1
105,0.0,5.8,16.7,-0.02,17,12.7,-0.036,7.8,41.4,5.0,0
61,6.7,8.4,13.0,-0.029,29,11.9,-0.037,18.1,51.3,2.7,0
16,2.1,1.4,12.6,0.012,6,2.5,-0.045,20.7,35.0,4.2,0
99,3.0,4.3,11.3,-0.022,24,4.5,-0.043,11.6,49.8,5.5,0
183,57.9,40.1,21.7,0.055,35,39.4,0.199,25.2,69.9,11.8,1
127,0.0,4.8,17.2,0.017,20,10.3,-0.023,12.2,31.1,3.1,0
55,4.3,6.6,12.7,-0.009,29,0.0,0.006,18.6,21.8,2.2,0
36,10.2,1.1,9.3,-0.041,25,0.0,0.002,11.8,60.0,8.0,0
100,30.9,16.4,22.6,0.116,53,42.6,0.04,36.9,68.4,10.2,1
66,0.7,6.7,12.8,0.005,18,14.1,-0.037,3.9,20.6,4.1,0
88,0.0,7.4,16.8,0.016,8,8.4,0.001,11.6,22.6,2.3,0
120,1.5,1.7,10.4,-0.04,12,5.2,-0.008,7.5,55.0,5.1,0
70,0.7,8.3,13.8,-0.025,38,0.4,-0.03,5.0,23.7,4.9,0
85,53.0,33.1,20.6,0.039,75,51.7,0.131,29.6,65.8,10.0,1
299,31.6,23.7,20.3,0.113,47,25.0,0.078,25.5,59.7,5.0,1
120,0.0,5.9,14.0,-0.009,23,3.2,-0.03,13.9,44.3,3.5,0
103,0.1,3.8,10.6,0.013,7,9.9,-0.025,15.8,24.5,4.4,0
88,0.8,5.4,16.5,-0.036,30,0.3,-0.024,10.7,29.7,2.7,0
12,0.0,7.6,10.2,-0.046,6,0.0,-0.001,4.0,47.3,6.6,0
71,8.5,2.4,17.4,0.019,38,0.8,-0.046,13.0,43.0,7.1,0
54,28.8,27.3,22.7,0.054,61,29.4,0.167,28.8,62.0,7.7,1
62,10.5,8.2,10.1,0.016,11,14.8,-0.008,6.1,55.1,5.0,0
245,37.6,38.8,22.6,0.058,57,47.1,0.088,28.2,72.2,8.0,1
164,48.5,26.7,20.8,0.058,30,61.8,0.082,22.7,64.1,6.3,1
109,7.3,5.3,9.2,-0.004,32,7.3,-0.046,2.5,24.2,7.0,0
64,1.6,6.1,12.4,0.002,14,17.1,-0.05,5.7,35.9,5.2,0
117,10.5,2.0,14.2,-0.038,28,13.8,-0.003,3.2,28.8,3.3,0
72,13.2,3.2,14.4,-0.045,27,0.0,-0.002,9.0,38.7,5.7,0
122,7.7,0.1,10.4,-0.037,33,0.0,-0.005,5.1,55.9,5.2,0
81,6.0,4.4,10.6,-0.004,12,0.0,-0.035,11.7,54.2,7.0,0
16,4.2,3.1,16.6,-0.041,23,2.5,-0.025,17.5,52.7,4.1,0
146,11.2,0.0,17.5,0.003,28,5.2,-0.016,19.9,38.8,3.1,0
31,7.9,6.5,13.7,-0.038,27,17.5,-0.001,10.4,52.6,5.0,0
135,19.9,39.9,22.6,0.094,31,46.8,0.109,31.2,82.7,7.2,1
230,42.4,17.7,21.2,0.05,55,51.2,0.073,28.3,66.4,9.3,1
239,60.1,13.5,21.9,0.076,28,25.5,0.151,31.9,76.0,7.5,1
147,22.1,20.7,22.4,0.145,36,63.2,0.1,25.8,69.4,11.0,1
34,5.8,7.3,15.2,-0.046,30,0.4,-0.008,18.2,27.2,5.4,0
112,0.9,7.5,11.1,-0.042,38,18.2,-0.018,10.7,36.2,5.4,0
117,0.8,3.0,16.8,-0.049,17,17.1,0.006,14.1,59.9,4.1,0
130,2.9,4.6,12.8,0.002,34,0.0,-0.022,5.0,54.1,6.3,0
236,57.3,32.3,20.3,0.068,75,53.5,0.128,39.3,89.5,9.9,1
119,4.2,6.3,11.0,-0.037,7,12.8,-0.002,8.7,28.7,5.1,0
12,6.3,1.7,11.0,-0.012,13,15.5,0.002,8.9,35.6,3.6,0
133,3.9,4.1,15.5,-0.015,10,15.0,-0.043,18.0,59.7,2.4,0
49,8.7,5.2,16.9,0.006,32,10.2,0.002,14.3,53.5,6.2,0
67,6.6,3.2,9.0,0.007,34,12.5,-0.05,9.1,50.3,3.6,0
158,51.6,12.0,22.3,0.086,51,56.6,0.091,25.5,78.9,10.3,1
31,4.9,2.6,16.8,0.018,33,4.4,-0.011,13.0,35.3,2.4,0
275,25.9,39.2,21.3,0.073,58,33.7,0.169,24.8,82.8,10.2,1
24,9.6,3.0,16.8,0.0,22,14.8,-0.022,18.7,27.4,7.2,0
33,10.5,2.9,16.2,-0.016,18,12.5,-0.014,2.5,42.3,3.4,0
73,7.4,1.8,9.7,-0.023,35,9.5,-0.011,14.2,58.1,7.4,0
101,8.9,2.5,9.1,-0.027,6,9.4,0.003,3.6,53.0,4.1,0
172,22.8,37.7,20.2,0.086,69,66.0,0.191,34.9,80.3,8.9,1
136,3.3,3.2,15.6,-0.044,16,6.2,-0.04,18.2,28.8,7.9,0
91,0.0,5.9,12.0,-0.012,7,0.9,-0.026,6.5,36.7,3.2,0
46,5.3,5.2,17.9,-0.047,36,3.7,-0.048,5.2,44.2,5.6,0
30,4.6,0.8,15.4,0.014,27,15.9,-0.028,6.9,36.5,2.4,0
93,3.6,0.0,12.5,0.018,6,12.3,-0.049,13.4,43.9,4.4,0
102,2.4,10.8,12.9,-0.033,16,12.1,-0.04,5.5,21.5,6.4,0
143,2.6,0.0,11.4,-0.046,24,0.0,-0.012,8.8,27.2,2.5,0
52,2.0,0.5,17.8,-0.009,27,7.5,-0.042,6.3,32.3,6.2,0
95,3.1,6.2,17.8,-0.024,34,3.2,-0.013,17.2,42.8,2.2,0
62,4.9,4.0,12.1,-0.039,10,9.7,0.002,19.3,50.1,2.5,0
28,11.6,10.2,16.2,-0.02,15,9.1,-0.032,8.1,33.1,5.8,0
44,0.0,0.9,14.4,-0.003,14,1.7,-0.02,9.6,58.1,7.1,0
55,6.6,8.8,9.2,-0.036,20,9.6,0.004,4.0,57.1,2.4,0
101,46.8,36.0,21.6,0.091,61,44.8,0.149,22.8,63.6,5.0,1
65,8.7,6.0,17.3,-0.02,11,17.5,-0.028,11.3,24.5,2.0,0
131,4.3,5.7,15.9,-0.011,31,20.6,-0.034,12.7,36.9,6.0,0
276,53.9,29.3,21.6,0.035,56,42.5,0.129,34.2,55.4,7.1,1
33,5.0,0.4,15.5,-0.01,37,6.9,-0.026,8.3,33.7,5.7,0
17,2.9,3.9,13.8,-0.027,7,0.0,-0.047,8.4,34.5,8.0,0
40,5.3,2.9,12.7,-0.02,20,0.0,-0.032,18.2,39.0,4.3,0
249,45.3,12.4,22.5,0.119,53,27.8,0.041,24.6,60.4,7.0,1
203,46.5,27.6,22.8,0.08,41,49.8,0.09,30.5,62.9,8.3,1
56,22.8,12.0,21.2,0.034,21,24.9,0.192,32.1,87.0,8.6,1
134,3.0,8.6,16.4,-0.003,38,1.3,-0.048,0.2,58.5,5.3,0
69,6.8,0.0,9.2,-0.008,27,0.8,-0.046,13.1,38.4,2.3,0
129,42.0,28.1,21.9,0.042,56,39.9,0.075,28.9,68.7,7.4,1
95,10.9,4.1,10.2,-0.021,19,8.2,-0.009,4.2,44.8,3.9,0
188,34.5,37.4,20.3,0.078,23,55.8,0.064,31.6,81.5,8.9,1
139,4.0,4.0,16.6,-0.047,25,12.3,-0.02,8.7,38.0,3.4,0
249,17.0,33.9,20.2,0.02,43,26.4,0.112,23.3,65.8,11.9,1
17,0.1,0.0,9.7,0.018,35,15.6,-0.036,17.5,46.7,2.1,0
149,3.0,0.0,13.4,0.014,20,5.2,-0.011,0.2,33.5,7.6,0
31,5.3,5.8,15.1,-0.015,25,9.1,-0.001,15.5,53.9,7.5,0
144,0.2,1.6,11.9,0.003,29,19.0,-0.047,4.7,25.3,6.4,0
106,4.5,0.7,14.1,-0.002,29,9.1,-0.04,10.6,20.4,3.5,0
137,3.8,2.7,15.2,-0.024,13,6.5,-0.05,12.5,21.4,6.5,0
110,0.1,2.3,14.8,0.005,39,0.0,-0.01,0.0,27.1,2.2,0
23,10.6,0.0,11.0,-0.001,28,13.9,-0.002,7.7,53.0,5.0,0
103,6.9,4.6,9.8,-0.035,32,10.1,0.01,15.0,45.7,4.5,0
84,1.7,7.9,10.8,-0.01,14,9.1,-0.048,2.0,53.3,3.6,0
58,5.5,6.4,15.4,-0.006,39,8.0,-0.006,14.5,26.4,5.7,0
157,16.9,9.6,20.8,0.049,33,20.3,0.069,37.0,65.2,10.2,1
136,0.0,7.1,13.9,-0.041,11,0.8,-0.0,12.5,45.0,5.0,0
149,7.8,1.3,10.4,-0.034,11,19.0,-0.017,19.6,29.1,4.4,0
147,35.9,15.4,22.8,0.129,21,24.2,0.175,29.2,78.7,6.3,1
58,2.3,3.3,10.5,-0.027,26,1.7,-0.042,15.7,26.5,3.5,0
140,3.6,4.7,13.5,-0.043,27,13.8,-0.027,17.1,58.6,3.2,0
64,6.5,0.0,17.1,-0.014,24,6.7,-0.04,12.0,34.5,7.4,0
133,5.0,3.4,16.2,0.018,23,12.5,-0.002,12.1,58.7,4.5,0
76,51.3,13.5,20.1,0.125,45,22.0,0.152,19.8,83.6,10.6,1
117,2.0,0.2,16.4,0.012,34,9.1,-0.007,14.6,24.0,3.4,0
137,0.8,7.7,13.2,0.019,39,3.9,-0.006,2.9,32.6,2.0,0
192,27.1,11.7,20.9,0.101,33,49.9,0.062,33.3,47.7,11.2,1
294,41.2,23.2,22.9,0.026,39,24.7,0.096,24.7,88.5,5.0,1
130,0.0,4.8,10.0,-0.001,21,7.4,-0.049,12.9,32.1,5.6,0
136,7.3,6.6,16.5,-0.03,16,9.8,0.01,17.0,40.9,2.4,0
74,5.2,7.0,9.7,0.014,19,9.3,0.004,5.9,44.3,5.8,0
199,49.1,34.7,20.8,0.048,46,48.9,0.111,28.5,48.2,6.0,1
84,36.1,26.9,21.8,0.085,68,12.8,0.059,21.0,49.9,6.7,1
18,12.6,0.9,16.4,-0.013,17,11.5,-0.047,10.7,57.2,3.0,0
238,27.8,35.9,22.9,0.125,27,58.8,0.02,35.5,82.3,4.3,1
93,11.1,3.7,11.9,0.002,6,13.8,-0.009,8.4,43.7,2.1,0
126,8.5,0.0,13.8,-0.04,21,14.6,-0.018,8.5,23.4,4.4,0
128,0.0,9.2,14.3,-0.034,36,18.7,0.001,18.2,37.2,3.9,0
43,5.5,2.4,10.3,0.012,5,10.7,-0.03,10.7,35.2,2.0,0
145,0.0,0.0,17.9,-0.018,8,0.0,0.008,4.8,59.1,5.2,0
131,9.1,4.0,11.8,0.012,8,12.9,-0.017,2.1,44.3,2.9,0
140,9.2,0.2,10.8,-0.046,25,4.4,-0.017,7.0,43.2,2.8,0
91,11.2,7.7,14.6,-0.036,25,0.0,0.001,9.2,56.3,2.8,0
295,50.4,17.0,22.4,0.049,65,21.0,0.195,35.1,68.1,4.7,1
91,4.0,6.8,14.3,0.006,39,12.3,-0.043,16.0,37.6,7.1,0
123,7.6,6.5,15.5,-0.002,25,8.3,-0.002,7.5,28.4,7.7,0
46,0.0,4.2,16.4,0.007,5,11.9,-0.013,2.3,39.5,2.5,0
237,36.1,29.4,20.0,0.024,57,28.9,0.034,28.1,80.8,9.7,1
129,1.9,8.4,11.9,-0.017,5,10.9,-0.037,3.4,28.6,4.5,0
63,0.0,4.8,11.2,-0.0,28,0.5,-0.016,5.8,56.7,6.3,0
102,0.0,0.6,15.4,-0.046,12,0.0,-0.035,15.6,32.7,2.6,0
60,7.2,9.8,12.4,0.017,21,10.7,-0.02,8.6,45.3,6.2,0
70,32.2,26.2,23.0,0.025,73,63.2,0.11,28.0,65.6,5.7,1
25,6.9,4.2,15.6,-0.005,27,15.3,-0.032,2.7,46.1,6.4,0
149,18.2,9.3,22.0,0.125,73,30.4,0.068,36.3,45.7,7.0,1
125,2.1,4.9,17.7,-0.014,5,3.3,-0.004,13.2,40.9,7.9,0
294,32.4,33.5,20.7,0.1,31,11.0,0.074,31.1,88.8,10.8,1
107,2.3,2.6,9.5,-0.003,8,12.9,0.007,13.9,59.7,5.3,0
147,2.4,0.0,17.8,-0.013,8,7.1,-0.01,7.4,33.8,7.5,0
290,56.3,24.2,20.7,0.016,52,57.6,0.115,27.6,67.5,9.4,1
12,2.5,1.9,10.9,-0.047,37,0.0,0.01,10.3,35.7,6.0,0
85,2.7,4.6,14.3,-0.045,22,14.4,-0.039,12.2,56.3,7.7,0
103,10.5,5.8,10.5,-0.01,26,13.1,-0.014,12.7,51.4,4.3,0
31,0.0,4.2,13.3,-0.004,14,10.6,-0.041,18.3,58.2,5.0,0
148,55.4,28.8,21.1,0.12,71,31.1,0.123,29.7,83.1,11.2,1
148,4.6,0.0,11.9,0.009,11,15.0,0.007,13.6,36.8,6.7,0
196,45.4,8.8,21.9,0.061,77,60.4,0.111,30.6,81.5,10.7,1
234,33.7,9.3,20.9,0.14,50,21.0,0.158,18.5,63.7,8.2,1
96,22.2,20.2,22.2,0.1,60,57.1,0.096,25.6,59.6,9.7,1
48,3.9,6.3,13.9,-0.04,20,0.0,-0.017,14.9,26.7,6.7,0
110,0.4,4.0,13.6,-0.024,28,5.0,-0.039,1.3,52.1,2.7,0
130,47.3,31.2,21.7,0.143,20,36.8,0.107,30.9,62.4,11.3,1
265,48.0,33.9,21.6,0.145,38,39.5,0.076,31.7,50.3,11.7,1
11,5.0,4.5,16.2,-0.032,7,15.5,0.009,11.8,29.9,3.0,0
87,8.2,3.7,12.2,-0.044,23,11.2,-0.046,4.6,35.3,7.9,0
38,4.3,5.0,17.2,-0.049,33,15.0,-0.044,7.9,59.2,5.3,0
180,23.9,23.0,20.8,0.05,29,46.0,0.046,35.6,52.7,11.4,1
115,26.6,8.4,22.9,0.045,29,32.8,0.141,32.7,68.7,6.0,1
132,11.1,4.3,12.4,-0.046,5,2.5,-0.015,4.0,38.0,7.7,0
83,5.3,6.2,9.8,0.002,29,1.3,-0.034,10.3,48.9,2.1,0
48,4.0,10.0,15.6,-0.049,37,0.9,-0.034,6.4,22.5,4.8,0
147,10.9,2.6,13.4,-0.03,7,13.5,-0.005,18.5,40.9,2.4,0
77,57.8,36.2,20.1,0.12,21,43.3,0.065,30.6,64.2,7.5,1
53,40.7,21.7,21.4,0.014,47,27.4,0.158,28.9,74.5,6.1,1
93,2.5,8.5,9.1,0.015,31,3.1,-0.018,5.0,34.2,7.0,0
48,0.0,0.4,17.1,-0.045,39,0.0,-0.019,12.6,55.4,4.1,0
125,7.0,0.0,10.5,-0.05,6,12.5,-0.003,10.4,41.7,4.1,0
283,44.0,18.1,20.2,0.065,38,30.0,0.155,34.9,89.4,7.3,1
107,1.1,7.0,14.7,-0.013,17,13.4,-0.02,19.1,37.6,7.9,0
112,5.0,3.7,16.1,-0.045,7,9.9,-0.012,13.8,30.1,2.1,0
117,0.0,6.2,13.1,-0.037,6,8.7,-0.021,3.1,36.4,5.9,0
58,0.2,1.8,16.2,-0.02,33,15.4,-0.031,5.0,34.0,4.2,0
116,10.7,5.9,16.5,0.009,13,2.9,-0.002,15.9,41.9,2.4,0
67,3.8,4.1,10.9,-0.0,11,12.1,-0.029,9.1,26.3,3.5,0
71,4.4,5.5,15.4,-0.031,12,17.1,-0.039,14.4,54.5,7.2,0
164,51.5,32.4,22.4,0.048,57,44.9,0.135,32.4,55.1,8.2,1
83,1.5,6.0,16.0,0.003,10,15.5,-0.004,13.6,26.0,3.3,0
69,7.7,3.0,11.9,0.013,33,2.2,-0.01,1.2,49.9,6.9,0
57,0.0,0.0,9.2,0.014,36,2.0,-0.042,9.8,20.2,7.6,0
28,0.0,2.9,12.5,-0.034,23,17.6,-0.027,7.9,44.7,5.8,0
23,5.4,4.3,15.1,-0.003,22,0.2,0.006,14.7,22.2,5.9,0
199,37.3,30.6,22.5,0.034,39,49.2,0.024,23.7,65.4,7.6,1
75,6.3,3.7,17.3,-0.009,12,4.7,-0.014,11.1,22.7,3.4,0
54,13.3,5.2,12.4,0.006,13,14.2,-0.048,15.4,44.9,7.8,0
168,31.3,29.5,22.7,0.053,65,34.4,0.033,23.7,55.3,7.8,1
135,5.8,0.0,9.1,-0.039,15,3.4,-0.032,6.4,25.2,3.5,0
136,10.9,0.2,9.9,0.008,15,8.1,-0.002,0.6,43.2,5.0,0
296,58.0,23.5,22.1,0.049,53,43.2,0.151,31.8,75.0,10.2,1
146,4.3,0.0,13.7,-0.017,13,13.6,-0.021,14.9,34.5,7.2,0
190,52.4,35.3,21.5,0.113,79,34.4,0.136,25.2,69.9,7.0,1
205,34.9,21.7,22.7,0.095,57,63.5,0.123,23.2,61.9,10.4,1
61,4.4,0.0,11.0,0.011,26,5.7,-0.013,12.1,22.1,4.3,0
121,60.5,12.4,20.9,0.039,45,59.0,0.126,20.4,79.8,9.6,1
103,0.0,8.8,15.9,-0.047,21,6.5,-0.013,17.1,40.4,5.0,0
147,29.0,18.9,21.4,0.118,76,45.6,0.071,22.6,62.1,10.4,1
270,53.0,34.9,22.8,0.061,57,21.1,0.169,31.0,79.9,5.9,1
26,0.4,2.7,11.7,-0.007,8,10.8,0.005,6.8,38.2,6.1,0
287,17.1,22.0,20.8,0.058,59,37.6,0.197,40.7,65.4,5.6,1
34,6.3,5.0,9.0,-0.046,13,15.0,-0.005,10.8,56.2,6.9,0
141,0.0,5.5,11.4,-0.037,34,15.4,-0.014,16.1,52.9,3.0,0
256,34.7,17.1,20.3,0.087,68,18.8,0.059,23.6,71.2,4.8,1
70,6.7,1.7,9.7,-0.025,33,4.6,0.004,15.3,48.0,5.7,0
134,5.0,8.3,11.3,0.018,25,6.2,-0.041,4.5,21.1,5.1,0
31,0.9,3.3,12.3,0.006,21,9.3,-0.041,13.2,34.3,7.5,0
22,6.9,0.0,17.4,-0.042,26,0.0,-0.025,13.8,57.5,3.9,0
22,3.5,4.3,13.6,0.004,39,0.0,-0.029,9.4,36.1,7.0,0
81,45.2,25.4,21.6,0.049,34,36.4,0.053,25.2,82.2,4.3,1
73,59.2,21.1,20.9,0.127,26,54.4,0.185,36.3,73.3,7.2,1
135,3.0,6.1,13.9,0.009,8,12.9,-0.02,8.4,30.0,5.3,0
115,0.0,9.5,17.7,-0.022,23,11.8,-0.01,17.0,57.9,4.4,0
122,7.5,0.6,9.6,0.012,9,1.2,-0.017,8.2,26.4,3.0,0
127,21.8,21.5,20.2,0.043,40,45.8,0.195,25.3,55.4,10.9,1
139,54.5,35.3,20.9,0.045,61,42.6,0.092,41.0,69.5,6.2,1
133,1.2,4.7,16.3,-0.034,25,6.2,-0.045,2.6,22.0,5.8,0
134,1.9,5.2,12.6,-0.013,23,0.0,-0.037,6.3,56.4,5.3,0
231,12.2,20.8,22.1,0.037,73,34.3,0.179,38.9,58.4,5.8,1
141,2.9,2.6,14.9,-0.013,26,14.3,-0.034,3.7,59.7,2.9,0
230,50.2,25.6,21.3,0.097,43,38.8,0.173,22.7,87.0,9.5,1
139,8.2,7.7,9.5,-0.03,15,6.1,-0.031,11.8,43.8,5.6,0
134,5.7,5.1,11.9,-0.004,20,0.0,-0.043,12.7,24.5,8.0,0
59,22.4,16.9,20.1,0.098,20,42.2,0.15,30.5,73.5,10.4,1
198,19.9,13.3,21.8,0.058,77,38.8,0.046,36.4,58.2,8.2,1
27,9.3,0.0,15.8,-0.044,9,2.0,-0.012,12.9,20.6,6.4,0
93,53.8,26.5,21.5,0.055,46,40.8,0.151,35.9,50.3,4.0,1
44,8.9,5.0,16.3,-0.023,6,13.4,-0.027,6.0,23.8,3.9,0
55,5.3,0.5,13.3,-0.028,6,14.5,-0.009,9.2,25.3,5.8,0
13,3.4,7.5,9.8,0.005,17,10.6,-0.033,7.8,44.7,7.1,0
29,11.2,3.4,17.8,-0.017,18,0.0,-0.032,17.8,40.9,3.6,0
81,2.8,8.3,12.3,-0.005,8,0.0,-0.008,14.2,34.3,7.5,0
119,0.1,3.0,14.0,0.005,32,8.2,-0.029,17.2,38.7,2.5,0
111,4.4,1.9,13.0,-0.005,27,2.9,-0.006,3.2,27.9,3.1,0
13,13.3,2.3,9.5,-0.011,34,1.1,-0.044,4.4,30.2,3.8,0
206,24.5,13.2,21.3,0.093,36,40.0,0.077,30.8,67.6,5.6,1
10,4.8,10.5,11.9,-0.022,12,15.4,-0.022,8.1,59.8,2.1,0
78,26.8,11.2,21.3,0.1,72,22.1,0.043,22.2,65.7,10.0,1
31,5.5,11.4,13.2,-0.019,25,11.8,0.007,11.8,44.2,3.3,0
83,0.0,7.1,14.6,-0.049,7,7.1,-0.038,7.4,22.0,4.4,0
181,21.6,12.0,21.7,0.083,22,53.2,0.12,40.8,47.2,4.8,1
61,62.2,29.7,22.3,0.105,55,38.9,0.198,36.5,87.7,5.1,1
120,0.3,5.1,14.2,-0.048,38,1.2,0.008,9.7,58.5,2.7,0
251,46.5,23.9,22.8,0.02,69,47.8,0.137,39.8,59.6,9.5,1
68,28.4,36.1,21.3,0.091,38,45.0,0.032,26.7,88.1,11.1,1
25,5.7,10.3,17.9,-0.049,26,5.9,0.004,15.8,28.3,4.1,0
96,0.0,7.7,10.8,-0.028,22,0.0,-0.0,9.1,38.9,2.3,0
89,41.8,25.3,20.4,0.047,72,21.4,0.145,22.4,59.4,7.3,1
52,19.7,24.1,20.3,0.098,68,27.6,0.043,26.7,73.9,6.2,1
34,5.4,7.6,14.1,-0.037,38,1.2,-0.003,9.0,37.4,5.6,0
19,2.6,0.0,11.5,-0.022,13,16.2,-0.027,16.8,32.4,3.8,0
88,5.5,2.7,17.4,0.02,14,5.9,-0.042,11.7,32.8,2.3,0
248,27.7,20.5,20.6,0.147,58,23.0,0.089,28.5,84.9,5.2,1
128,4.3,4.0,12.8,-0.005,9,5.2,-0.026,6.8,27.9,6.7,0
111,7.4,1.0,16.1,0.013,12,3.0,-0.014,9.3,41.8,7.6,0
183,43.2,19.7,21.5,0.1,45,25.4,0.075,22.8,53.0,4.0,1
29,3.1,6.0,16.2,0.019,33,15.9,-0.009,5.9,54.9,3.0,0
50,9.6,7.3,14.7,-0.022,21,3.0,-0.0,18.1,48.4,2.6,0
33,1.0,5.5,11.8,-0.027,19,12.3,-0.009,14.8,30.8,3.5,0
271,52.6,16.7,20.2,0.046,33,34.6,0.114,27.7,84.6,8.0,1
102,7.3,2.3,16.4,0.013,21,8.6,-0.047,13.0,46.4,6.5,0
75,0.1,5.2,16.6,0.002,33,0.0,-0.046,10.6,57.2,4.6,0
37,0.3,2.1,17.3,-0.042,38,1.2,-0.039,6.7,35.7,6.8,0
39,8.6,2.6,17.9,-0.016,11,5.6,-0.035,9.6,59.7,7.1,0
137,6.3,0.0,17.9,0.017,28,9.1,-0.039,12.2,22.5,3.3,0
121,7.6,10.6,11.8,-0.003,19,14.1,-0.043,11.3,25.0,2.4,0
110,35.7,19.5,20.3,0.127,62,27.1,0.165,41.1,72.3,8.0,1
130,40.4,36.0,22.2,0.1,73,24.9,0.092,39.6,54.9,5.5,1
89,11.4,4.8,16.0,-0.026,19,17.0,-0.012,10.6,41.2,6.5,0
19,3.8,9.8,16.3,-0.023,21,9.6,0.008,14.5,42.6,7.6,0
236,48.5,18.1,20.3,0.134,34,22.3,0.094,21.9,70.9,10.8,1
66,0.0,3.0,10.1,-0.028,21,0.0,-0.016,13.4,48.6,3.4,0
26,4.9,5.5,12.0,0.017,24,8.6,-0.015,1.1,32.6,5.0,0
101,5.1,8.6,10.7,0.014,23,14.1,-0.004,16.4,33.7,4.6,0
63,0.0,0.8,12.6,-0.003,12,15.3,-0.029,10.5,27.5,6.5,0
72,1.5,8.4,12.6,-0.007,34,2.0,0.008,10.4,44.7,6.1,0
136,20.7,28.4,22.5,0.087,39,54.4,0.189,31.3,76.5,10.8,1
109,5.3,0.4,16.3,-0.008,11,11.5,-0.015,4.2,54.1,2.5,0
46,1.3,2.7,11.6,-0.014,12,2.4,-0.016,16.5,46.7,4.6,0
124,1.0,1.2,10.6,-0.0,25,13.7,0.008,16.7,56.9,6.6,0
82,0.0,1.3,10.2,0.001,25,4.2,-0.039,4.9,37.4,5.9,0
96,2.4,2.6,15.6,-0.047,26,5.1,0.005,3.1,42.1,6.4,0
135,4.5,4.6,16.0,0.003,36,10.9,-0.043,8.7,53.1,4.3,0
96,0.0,3.0,12.9,0.009,22,5.1,-0.026,12.4,54.4,4.1,0
136,47.6,37.3,22.9,0.131,66,27.6,0.113,36.6,75.8,6.3,1
161,45.9,26.6,20.7,0.058,45,44.9,0.038,34.4,85.8,9.9,1
82,0.0,5.5,14.8,0.013,17,0.0,-0.031,16.3,39.1,6.0,0
141,3.5,5.8,9.4,-0.027,31,6.7,-0.038,15.4,33.7,7.9,0
58,38.7,35.6,21.2,0.126,24,54.1,0.054,30.0,67.0,10.5,1
110,8.9,0.9,16.2,0.002,9,0.2,-0.035,4.2,58.2,7.5,0
18,8.0,0.0,17.5,-0.035,38,9.5,-0.026,9.7,37.8,6.5,0
100,11.9,7.2,15.1,-0.049,27,5.8,-0.008,7.8,40.2,2.0,0
60,3.6,7.3,13.2,-0.025,17,12.7,-0.023,11.9,35.4,7.8,0
104,19.8,31.6,22.6,0.041,73,38.5,0.03,38.2,68.1,6.3,1
149,52.6,38.5,20.6,0.011,72,34.4,0.189,25.8,89.5,7.9,1
134,50.2,10.6,20.1,0.013,50,42.1,0.188,29.8,58.1,8.5,1
117,3.0,8.1,17.0,-0.026,25,6.1,-0.047,16.3,22.0,5.3,0
28,3.8,10.2,9.5,-0.01,7,7.9,-0.029,6.1,23.0,2.7,0
290,61.7,10.9,22.4,0.143,26,39.6,0.13,40.2,80.5,4.2,1
90,9.7,0.8,9.5,-0.041,34,1.2,-0.014,8.3,41.8,6.2,0
108,0.0,5.7,9.3,-0.033,32,0.4,-0.002,11.3,33.7,6.9,0
239,20.7,28.2,22.5,0.021,47,54.2,0.045,29.6,84.1,8.7,1
44,4.4,3.6,15.2,0.009,29,12.2,-0.04,5.3,30.7,2.7,0
104,3.8,4.6,10.7,-0.028,16,6.7,-0.003,10.4,45.6,6.7,0
54,11.0,0.0,16.6,-0.048,36,0.0,-0.042,17.5,22.9,3.2,0
66,23.8,31.0,22.2,0.011,32,40.8,0.09,39.6,88.0,10.4,1
87,0.0,7.2,10.6,-0.034,21,8.1,-0.049,10.3,33.2,6.2,0
78,12.3,8.2,11.0,-0.004,16,8.7,-0.023,5.8,37.2,5.4,0
76,0.0,1.5,13.4,-0.028,36,13.5,-0.047,6.1,42.2,3.8,0
93,0.0,4.1,16.5,-0.01,37,2.5,-0.018,2.8,45.6,2.5,0
91,3.5,3.0,14.3,-0.016,6,6.3,-0.022,2.5,46.0,7.2,0
62,13.3,7.9,10.0,0.002,33,11.0,-0.04,6.2,38.6,6.7,0
75,0.2,6.3,14.8,-0.005,39,8.7,-0.035,13.0,50.1,5.5,0
18,7.4,4.8,17.4,-0.005,16,9.3,0.006,9.5,56.6,7.9,0
35,6.1,2.1,14.9,-0.047,7,11.2,0.003,6.2,38.4,2.5,0
148,0.0,2.0,15.0,-0.027,12,10.2,-0.001,14.4,22.0,7.1,0
38,5.7,8.9,10.7,-0.022,11,13.2,0.0,0.0,22.0,5.4,0
139,37.4,18.6,22.5,0.11,48,47.4,0.057,27.8,50.7,5.0,1
231,32.5,25.3,21.0,0.119,77,48.9,0.17,21.0,78.6,10.8,1
271,22.4,32.4,22.3,0.04,63,18.6,0.107,22.0,86.5,11.8,1
24,2.1,5.6,15.8,-0.028,9,5.2,0.009,7.4,31.8,4.1,0
110,7.8,1.1,14.5,-0.034,24,12.2,0.007,12.1,32.1,3.1,0
71,38.9,34.3,22.5,0.086,23,51.4,0.168,28.6,74.5,8.3,1
134,31.1,26.9,20.4,0.069,68,25.8,0.145,33.8,89.1,11.9,1
91,5.7,2.4,12.9,-0.019,39,12.9,-0.044,9.0,57.6,7.7,0
78,43.0,32.0,20.8,0.111,48,47.6,0.074,28.0,49.3,11.2,1
29,8.4,7.7,10.9,-0.031,18,4.3,-0.036,3.6,50.8,5.8,0
39,4.7,4.9,12.8,-0.014,17,10.9,-0.042,4.4,20.7,2.9,0
78,4.8,5.0,15.6,-0.038,29,9.7,-0.02,5.9,43.3,3.8,0
58,2.8,2.0,14.4,-0.006,30,4.0,-0.012,0.2,45.7,3.7,0
120,5.3,7.1,16.8,-0.022,19,3.6,-0.009,18.8,45.3,4.6,0
278,46.0,17.1,22.4,0.092,31,32.9,0.099,21.6,71.0,8.8,1
48,4.6,0.8,10.2,-0.03,10,13.1,-0.023,13.2,43.4,5.0,0
15,4.7,6.2,14.7,0.013,11,0.9,0.006,9.2,27.3,3.8,0
76,3.0,2.5,17.7,0.018,34,1.7,0.008,1.2,36.5,2.6,0
148,9.7,2.8,11.2,-0.03,35,2.8,-0.049,15.7,58.6,4.0,0
34,3.9,3.2,14.7,0.013,27,0.0,-0.043,14.2,25.6,5.1,0
55,8.1,7.5,11.6,0.017,39,1.7,-0.027,17.5,30.9,4.4,0
36,9.1,8.5,16.4,-0.049,25,8.5,-0.02,1.2,47.4,5.0,0
62,24.6,29.1,20.3,0.1,49,29.3,0.133,24.5,81.2,10.5,1
227,46.3,33.1,20.8,0.052,61,55.2,0.038,20.2,56.8,11.0,1
24,0.0,4.9,11.1,-0.0,28,16.7,-0.027,8.4,21.8,3.7,0
42,6.8,7.2,13.6,0.017,18,16.5,-0.015,17.4,33.6,6.8,0
26,3.5,6.5,14.4,-0.013,29,1.4,-0.036,16.9,32.2,3.0,0
21,2.8,4.7,12.0,-0.031,36,1.0,-0.023,16.5,28.2,6.3,0
54,7.3,0.0,16.7,-0.036,11,8.0,-0.007,6.7,56.2,2.8,0
46,7.2,8.3,17.9,-0.031,26,0.0,-0.043,1.1,60.0,6.8,0
150,17.5,35.3,20.6,0.054,39,21.8,0.094,39.6,73.7,10.4,1
127,2.0,8.8,10.6,-0.003,7,0.0,-0.046,5.5,21.3,6.5,0
59,7.4,9.6,9.6,-0.018,39,11.2,-0.041,5.1,45.0,2.3,0
286,32.9,34.4,21.5,0.08,49,55.4,0.024,37.0,80.5,6.4,1
93,16.2,35.3,21.8,0.01,40,56.8,0.137,20.5,87.7,6.1,1
249,24.5,35.6,20.3,0.048,27,35.7,0.087,21.4,80.9,9.7,1
181,20.8,21.4,21.5,0.079,24,42.6,0.051,25.8,82.9,9.2,1
57,7.4,0.0,10.7,-0.049,18,7.4,-0.022,7.0,33.5,2.1,0
147,8.3,6.6,10.7,-0.018,6,5.7,0.002,7.1,56.0,7.6,0
110,6.5,3.0,16.6,-0.012,23,6.6,-0.046,7.1,37.8,2.8,0
63,9.4,4.6,12.2,-0.044,28,4.3,-0.049,13.3,20.9,5.8,0
88,8.8,1.8,13.7,-0.003,20,1.0,-0.029,7.9,42.5,3.9,0
288,16.1,15.5,22.9,0.067,31,53.9,0.063,37.6,62.4,6.1,1
39,5.0,0.9,15.0,-0.006,27,9.4,-0.046,6.6,59.2,5.6,0
107,7.3,5.4,9.6,-0.017,21,8.9,-0.012,7.6,52.0,5.8,0
273,58.4,16.9,20.1,0.114,50,58.2,0.03,25.6,52.8,9.5,1
46,11.7,3.0,14.8,0.001,37,13.3,0.009,7.1,39.9,4.0,0
69,54.4,28.9,21.6,0.013,57,32.9,0.189,18.5,60.9,10.9,1
15,14.5,3.9,9.5,-0.032,9,21.2,-0.004,10.4,43.6,6.3,0
236,54.6,29.8,22.1,0.045,39,14.0,0.127,29.4,88.6,7.9,1
144,2.7,8.2,11.1,-0.002,34,16.2,-0.034,17.1,22.2,5.2,0
43,7.4,1.5,13.9,0.002,23,8.2,-0.028,9.1,58.8,2.7,0
286,29.0,22.4,20.7,0.145,56,50.5,0.094,24.8,68.6,11.7,1
32,1.4,6.1,10.9,0.011,38,9.7,-0.019,6.8,53.8,6.4,0
130,50.2,29.7,20.2,0.06,56,41.8,0.182,40.5,45.4,4.6,1
79,7.5,3.7,11.4,-0.015,29,6.3,-0.01,4.1,49.7,6.5,0
80,31.2,11.7,22.3,0.144,72,38.6,0.129,30.6,75.4,5.5,1
23,1.7,7.3,17.8,0.008,24,0.0,0.006,8.6,46.5,7.5,0
142,7.6,2.3,13.1,-0.029,34,0.0,0.005,6.6,50.8,7.4,0
173,34.5,41.7,20.9,0.132,77,41.7,0.03,31.5,68.9,9.3,1
115,14.3,8.6,11.6,-0.045,16,11.0,-0.008,8.1,25.5,6.0,0
19,4.0,7.9,16.1,-0.015,7,0.2,-0.02,3.5,49.0,3.1,0
11,3.2,4.2,11.3,-0.028,9,9.2,-0.016,7.4,33.9,6.5,0
79,33.9,30.1,22.6,0.016,79,27.3,0.175,31.9,56.4,8.4,1
90,2.6,5.4,12.2,-0.012,14,16.3,-0.037,11.8,52.1,5.4,0
207,15.5,9.5,20.7,0.067,65,56.2,0.187,32.0,74.8,11.2,1
143,4.3,3.8,11.1,-0.03,5,12.6,0.003,13.9,21.4,5.5,0
251,33.4,15.6,21.7,0.142,37,57.7,0.1,23.5,79.4,10.3,1
120,7.6,2.3,11.6,-0.011,27,0.0,-0.05,7.6,53.5,5.4,0
102,4.6,7.5,14.5,-0.031,25,12.0,-0.012,0.2,37.2,3.7,0
141,0.0,2.7,16.0,0.016,37,8.1,-0.0,7.1,35.9,3.9,0
162,19.9,26.6,21.9,0.061,78,51.7,0.167,41.9,82.1,8.5,1
149,53.8,35.9,22.1,0.078,29,56.0,0.159,37.0,55.5,4.5,1
83,11.9,0.3,12.3,-0.007,24,9.1,-0.015,9.6,49.8,5.1,0
99,0.0,3.7,15.2,-0.008,10,0.2,-0.012,5.6,56.4,5.8,0
86,5.2,0.0,14.6,-0.026,12,4.0,-0.021,7.3,39.4,6.2,0
38,11.4,1.8,13.4,0.013,22,6.1,-0.036,7.6,21.5,5.9,0
148,10.2,2.4,12.4,0.003,8,11.9,-0.013,8.8,57.4,2.3,0
85,6.9,4.5,16.8,-0.004,32,5.6,-0.047,5.8,22.0,5.4,0
121,0.3,2.7,15.9,-0.04,17,11.9,0.008,16.3,29.7,7.5,0
72,2.6,8.2,11.9,0.018,16,11.4,-0.032,1.5,53.7,4.2,0
233,54.1,19.4,20.5,0.063,71,48.3,0.027,20.4,69.1,11.5,1
25,7.3,3.8,16.2,-0.026,7,3.3,0.006,12.5,46.7,7.5,0
102,5.7,5.0,9.9,-0.003,7,3.5,-0.04,10.9,48.4,2.1,0
64,3.7,1.6,17.9,-0.023,14,4.6,-0.012,14.5,54.5,7.5,0
99,56.1,18.0,22.2,0.013,20,25.0,0.101,38.6,58.6,7.7,1
99,9.2,9.2,13.7,-0.003,18,8.8,-0.023,7.5,35.5,3.5,0
165,33.6,27.7,21.9,0.013,43,40.7,0.071,20.4,89.8,7.9,1
47,2.0,7.4,11.9,0.02,14,0.0,-0.031,10.7,46.6,5.2,0
85,9.2,0.2,15.2,-0.01,26,11.9,-0.025,6.2,22.8,3.7,0
112,8.3,0.0,17.3,-0.036,35,13.8,-0.042,18.8,25.3,6.6,0
158,20.8,15.7,22.0,0.043,40,53.2,0.069,39.6,68.3,7.7,1
82,4.3,9.1,10.2,0.003,28,7.0,-0.001,5.6,52.3,4.1,0
70,0.0,3.9,13.3,-0.017,6,6.4,-0.02,14.4,42.4,4.9,0
100,30.8,15.2,22.2,0.099,58,39.9,0.04,41.5,53.3,6.0,1
97,17.0,34.1,22.3,0.024,24,48.2,0.189,39.5,87.6,6.0,1
142,44.0,19.1,22.7,0.061,76,45.0,0.176,32.5,64.5,10.6,1
35,4.7,1.5,13.0,0.008,26,2.6,-0.026,4.3,59.3,7.9,0
46,0.0,6.9,13.4,-0.025,9,0.3,-0.043,4.6,21.2,2.4,0
269,43.6,15.1,21.5,0.086,27,61.6,0.12,27.2,88.3,8.4,1
11,7.4,2.7,11.6,-0.024,16,0.0,-0.035,15.2,39.2,4.4,0
73,61.3,12.7,22.0,0.072,43,50.0,0.062,33.6,63.1,5.7,1
208,24.8,33.5,22.8,0.083,65,57.8,0.161,40.5,53.8,11.7,1
84,3.8,5.0,13.2,-0.001,31,12.6,-0.047,5.6,41.8,3.0,0
94,3.7,2.5,10.7,0.013,6,11.1,-0.032,6.5,31.9,3.6,0
63,5.9,12.0,14.1,-0.002,15,7.4,0.004,3.6,33.9,6.3,0
267,44.3,17.1,20.2,0.107,42,38.2,0.111,30.0,68.1,8.0,1
10,1.6,2.8,13.9,-0.029,36,9.5,-0.038,11.8,35.6,4.5,0
32,1.0,4.1,10.7,-0.035,5,14.9,-0.037,3.8,31.2,2.8,0
140,4.3,5.1,10.5,0.008,35,7.5,-0.024,2.9,44.2,7.2,0
132,6.1,3.9,12.5,0.009,37,4.9,-0.03,4.7,20.8,5.5,0
236,27.8,15.2,21.3,0.079,51,26.5,0.178,34.9,88.1,11.1,1
106,10.0,1.0,15.0,-0.012,38,9.3,-0.033,15.2,29.0,6.1,0
222,17.0,13.6,21.8,0.125,71,38.1,0.155,37.6,59.6,9.8,1
139,1.0,2.4,10.1,-0.034,15,8.1,-0.02,3.5,27.8,7.0,0
79,0.6,1.5,17.5,-0.008,27,27.1,-0.025,14.4,38.6,5.8,0
119,7.0,1.9,15.5,-0.015,16,1.0,-0.0,8.5,49.3,2.6,0
77,10.6,4.6,17.2,-0.001,23,2.7,-0.05,4.0,41.4,6.1,0
232,18.1,33.0,23.0,0.134,73,27.2,0.022,41.2,57.6,9.3,1
25,9.4,5.0,16.3,-0.008,29,13.6,-0.022,1.7,45.5,2.3,0
59,3.4,0.6,12.7,-0.042,31,5.1,-0.014,7.5,59.3,6.0,0
266,61.3,13.0,21.1,0.04,41,51.4,0.113,26.4,59.4,8.7,1
132,12.1,4.4,16.6,-0.029,34,9.3,-0.033,12.6,47.7,7.2,0
129,5.7,6.9,13.7,-0.03,5,0.0,0.006,12.7,44.6,4.9,0
83,3.4,3.8,16.9,-0.009,37,16.4,-0.025,13.7,33.8,3.7,0
18,2.6,3.1,11.1,-0.019,35,13.7,-0.037,15.0,37.0,7.9,0
116,8.6,0.0,17.6,-0.023,6,3.4,-0.012,15.2,28.3,6.0,0
41,9.4,5.0,9.4,-0.049,5,2.3,-0.023,16.0,55.6,5.1,0
89,11.7,0.8,12.5,-0.0,11,6.2,-0.033,5.8,24.1,6.3,0
110,8.0,9.5,13.7,-0.018,12,0.5,-0.012,9.8,31.7,4.4,0
82,40.2,28.5,22.2,0.01,25,50.2,0.143,20.7,57.1,10.4,1
101,9.0,3.8,9.2,-0.034,22,1.5,-0.036,7.2,30.1,7.6,0
115,5.1,4.4,17.4,-0.037,8,7.8,-0.038,10.4,28.2,7.3,0
114,8.9,1.4,9.6,-0.017,17,6.5,-0.0,11.8,24.7,2.1,0
121,2.4,3.1,16.9,-0.021,35,12.1,-0.049,15.8,32.7,7.8,0
13,1.2,0.0,15.7,-0.043,28,13.4,-0.044,12.8,28.4,4.4,0
125,5.7,6.4,17.1,0.019,16,8.0,0.003,11.2,28.8,3.6,0
24,0.3,0.0,11.2,-0.002,27,11.2,-0.011,0.9,37.4,7.8,0
294,50.0,13.9,22.5,0.118,64,54.4,0.027,30.1,50.1,6.8,1
233,23.7,27.2,22.2,0.14,48,27.6,0.051,22.7,76.2,10.3,1
137,2.8,0.0,11.5,-0.048,30,15.9,-0.036,5.8,30.4,2.1,0
17,2.1,2.7,11.9,0.009,12,11.7,-0.011,2.8,31.0,3.9,0
115,0.0,9.1,9.9,-0.022,24,8.3,-0.008,4.1,53.6,4.7,0
40,3.1,2.7,10.9,-0.033,36,9.9,-0.025,7.9,36.2,7.0,0
30,3.3,3.4,16.7,-0.026,16,0.0,-0.023,13.6,55.5,2.6,0
92,1.2,5.7,15.2,0.006,5,7.9,-0.039,12.0,33.1,7.2,0
115,41.7,20.8,21.3,0.09,53,28.2,0.149,21.5,59.9,6.3,1
26,8.8,2.9,17.0,-0.019,37,4.6,0.001,4.1,29.6,4.2,0
83,7.0,3.5,14.3,0.007,16,5.8,-0.047,18.0,44.2,3.2,0
51,2.8,5.1,11.5,0.001,23,5.5,-0.018,5.2,45.2,2.7,0
14,4.9,5.3,10.2,-0.028,13,7.8,-0.026,16.7,36.6,4.4,0
72,3.0,0.0,15.0,-0.036,36,2.6,-0.039,12.7,35.4,4.4,0
104,5.8,2.9,10.8,0.007,22,0.3,-0.036,10.2,56.4,7.9,0
129,0.0,9.5,13.7,-0.024,10,3.1,-0.03,5.6,35.1,3.9,0
84,50.7,15.3,21.2,0.118,36,36.5,0.031,26.7,52.1,5.4,1
21,8.1,3.5,16.2,-0.039,39,2.2,-0.04,10.7,59.0,6.6,0
62,11.2,4.0,14.7,-0.039,21,4.5,-0.01,12.8,38.1,6.1,0
27,0.0,4.8,18.0,-0.043,21,20.9,-0.013,16.5,23.4,3.1,0
87,7.6,0.0,17.0,-0.005,14,6.9,-0.025,10.7,21.1,4.0,0
62,53.3,25.1,21.3,0.12,43,23.8,0.159,38.2,72.8,9.2,1
93,51.6,39.0,22.3,0.121,42,41.5,0.069,21.4,72.2,7.2,1
135,0.3,4.0,15.4,-0.035,20,2.6,-0.016,19.1,24.4,3.1,0
265,38.7,24.6,22.4,0.125,63,24.4,0.025,18.5,84.6,4.4,1
125,11.7,0.0,10.8,-0.028,33,0.0,-0.04,18.1,25.3,3.4,0
80,0.0,0.0,12.9,-0.022,19,11.5,-0.022,3.2,31.1,5.0,0
226,21.0,26.8,22.9,0.057,44,42.2,0.192,34.1,88.6,10.0,1
128,4.8,5.7,13.1,-0.035,11,8.4,-0.046,0.6,40.9,4.1,0
105,9.0,0.0,16.0,-0.031,9,0.0,0.002,1.8,48.5,2.3,0
71,8.5,0.0,13.9,-0.032,37,11.1,0.002,3.7,51.4,6.0,0
234,26.5,29.9,20.6,0.114,64,53.2,0.069,34.2,89.8,6.0,1
54,8.3,6.1,15.1,-0.013,33,0.0,-0.035,17.0,57.3,6.3,0
165,45.7,35.6,22.8,0.131,20,61.0,0.199,29.7,52.7,6.5,1
166,31.0,40.6,22.8,0.134,30,47.9,0.144,28.8,56.3,11.6,1
46,8.8,0.6,9.2,-0.019,8,4.6,-0.013,16.8,23.8,4.3,0
102,34.5,36.0,21.8,0.104,49,46.5,0.127,28.4,81.7,10.4,1
264,48.5,14.7,22.7,0.102,75,49.1,0.073,19.8,67.0,6.5,1
52,4.3,6.3,11.6,-0.035,22,19.8,0.003,5.9,38.5,4.8,0
12,9.5,5.7,14.9,-0.049,15,7.3,-0.029,8.0,46.2,4.5,0
132,9.2,5.5,16.9,-0.021,5,9.5,0.004,8.4,59.2,6.6,0
69,6.8,4.9,16.8,-0.03,23,7.0,-0.036,17.7,41.7,7.9,0
99,5.2,3.4,11.5,-0.031,38,0.7,0.006,6.0,36.3,5.9,0
19,17.7,5.1,12.7,-0.048,12,24.8,-0.049,4.7,46.2,2.2,0
196,23.1,15.1,22.4,0.035,34,31.3,0.144,23.7,74.2,6.5,1
95,5.6,2.9,11.4,-0.015,31,15.6,-0.01,6.4,45.5,5.0,0
93,42.8,37.8,21.5,0.054,40,44.5,0.151,42.6,82.4,9.0,1
123,23.5,22.1,21.2,0.147,47,43.4,0.042,29.8,57.9,5.3,1
92,4.5,2.2,11.3,-0.038,31,3.0,-0.037,9.7,49.6,4.5,0
284,48.2,36.3,20.4,0.066,36,55.0,0.172,28.7,46.7,8.3,1
115,8.2,3.6,10.5,-0.019,12,0.0,-0.043,7.6,24.5,4.0,0
129,0.0,2.6,10.1,-0.017,23,2.5,-0.03,4.5,42.1,6.5,0
89,3.9,0.0,14.6,-0.029,24,4.7,-0.029,8.0,33.7,2.5,0
177,21.1,30.1,20.0,0.119,64,23.7,0.111,31.0,86.4,4.4,1
195,22.5,24.6,23.0,0.101,29,57.3,0.105,19.2,76.0,7.9,1
35,7.8,3.6,9.1,-0.001,12,3.5,-0.011,6.5,56.7,2.8,0
115,9.4,8.1,13.9,-0.025,10,13.6,-0.031,0.0,30.9,7.0,0
104,30.9,15.4,21.0,0.013,69,53.2,0.133,27.3,73.3,8.4,1
22,3.3,3.6,9.3,-0.007,20,14.0,-0.007,1.0,43.7,7.1,0
87,40.6,30.9,20.3,0.135,59,37.0,0.156,38.3,50.2,6.5,1
93,4.3,0.9,10.5,0.003,8,1.9,-0.016,5.7,33.6,6.7,0
122,9.5,4.0,14.1,-0.045,8,3.5,-0.034,5.6,37.2,5.3,0
129,8.2,8.2,9.1,-0.001,18,9.4,-0.009,10.7,38.3,5.9,0
118,6.4,0.2,17.4,0.014,19,5.0,-0.009,14.7,42.4,5.2,0
66,0.8,7.0,9.8,0.004,10,2.7,-0.048,13.3,30.9,7.2,0
71,7.4,4.8,12.1,-0.0,23,10.8,-0.023,11.8,24.3,7.1,0
18,0.0,0.4,14.1,0.017,38,14.4,-0.032,4.3,53.6,8.0,0
148,55.2,36.9,22.3,0.065,35,23.2,0.168,25.6,86.9,6.9,1
43,10.9,6.8,15.5,-0.036,27,9.7,-0.002,13.8,37.6,6.4,0
187,46.0,24.9,22.6,0.05,78,54.9,0.114,35.0,68.5,5.3,1
79,0.0,6.4,17.5,-0.013,7,0.0,-0.013,7.1,36.1,5.9,0
20,3.8,7.7,15.4,0.017,21,5.8,-0.009,15.2,30.1,5.5,0
115,13.0,5.0,15.6,-0.021,35,2.1,-0.046,17.4,51.4,3.1,0
56,0.0,6.2,12.6,0.014,22,12.4,-0.03,4.3,39.9,3.7,0
33,0.0,0.0,11.5,-0.036,30,7.0,0.006,6.1,21.9,3.1,0
22,2.2,11.3,16.3,0.013,14,11.8,0.0,4.8,49.6,7.8,0
121,4.1,3.1,10.5,-0.001,26,13.6,-0.015,12.5,57.7,2.4,0
118,7.0,3.5,12.5,-0.03,23,5.7,-0.019,10.0,30.2,2.7,0
105,5.7,2.1,12.0,-0.001,39,6.3,-0.042,8.1,37.9,3.1,0
120,0.0,5.1,11.9,-0.033,23,17.8,-0.034,7.4,50.9,4.6,0
78,3.4,2.1,11.8,-0.013,20,3.9,-0.007,7.9,31.6,5.2,0
45,7.2,5.5,13.2,-0.006,17,8.1,-0.018,7.6,57.9,7.4,0
81,3.2,0.0,15.9,-0.015,26,8.3,-0.029,3.7,34.0,6.2,0
100,11.2,4.5,12.9,-0.037,21,10.2,0.001,5.0,56.2,4.0,0
105,0.7,6.3,15.3,-0.026,33,7.2,-0.022,4.8,30.0,5.6,0
113,6.9,0.0,9.7,0.005,26,25.9,-0.009,11.4,53.2,4.5,0
115,8.2,9.2,10.7,-0.046,17,13.9,-0.02,13.1,46.2,7.5,0
110,6.3,0.0,14.7,-0.03,31,8.6,-0.042,9.2,35.8,3.1,0
103,46.8,30.1,20.3,0.075,48,49.6,0.159,26.9,82.5,4.1,1
182,45.4,14.0,22.1,0.051,36,29.1,0.124,34.3,52.4,5.2,1
22,3.3,7.2,15.4,-0.027,12,4.4,-0.041,7.6,54.4,3.5,0
45,5.8,2.1,16.3,0.017,8,11.2,0.0,9.3,49.0,2.7,0
74,3.2,0.0,10.0,-0.03,14,0.0,-0.005,5.6,23.3,2.0,0
54,1.9,5.9,13.2,-0.015,6,0.0,-0.022,12.1,23.8,7.7,0
57,0.0,2.8,14.6,-0.037,14,11.2,-0.033,5.4,30.2,4.9,0
106,55.7,10.5,22.8,0.061,54,26.9,0.024,33.0,75.2,8.8,1
182,17.5,12.7,21.4,0.144,66,54.1,0.081,26.3,87.0,6.0,1
17,5.4,0.9,15.0,-0.0,30,14.3,0.003,8.1,53.0,4.4,0
19,3.7,10.0,12.6,-0.026,25,0.0,-0.025,2.5,40.4,4.7,0
111,5.8,2.1,13.5,-0.026,17,13.8,-0.019,14.5,29.1,4.9,0
37,2.5,10.6,16.7,-0.001,30,14.6,-0.039,5.7,22.9,4.3,0
132,8.8,7.6,16.6,-0.002,6,10.9,-0.033,0.0,57.5,2.1,0
15,9.8,5.0,16.5,0.019,33,7.4,-0.033,5.6,30.0,3.3,0
83,5.9,6.6,14.4,-0.042,31,4.3,-0.026,10.8,40.6,6.1,0
36,8.4,1.9,13.6,-0.048,18,12.0,-0.017,10.2,31.4,3.8,0
59,4.6,0.7,17.1,-0.013,5,12.1,-0.003,5.4,48.6,6.8,0
70,0.2,2.4,14.8,-0.02,17,13.3,-0.049,13.9,22.9,5.8,0
246,63.4,33.6,20.6,0.036,79,47.8,0.068,37.2,59.1,10.7,1
81,9.0,3.6,13.7,0.008,18,1.7,-0.048,15.2,33.8,2.6,0
50,19.8,27.9,22.8,0.01,28,54.8,0.191,36.7,54.7,9.1,1
80,8.4,7.0,18.0,-0.022,21,13.9,-0.048,8.6,22.1,2.6,0
41,4.6,7.9,14.2,0.015,9,8.9,0.006,16.2,28.0,2.8,0
52,4.7,6.1,9.3,-0.044,27,12.3,-0.049,10.0,31.0,5.9,0
27,4.9,4.1,12.3,-0.049,19,16.7,-0.04,19.1,24.8,2.1,0
115,4.6,0.9,12.7,0.009,32,2.1,0.008,4.3,43.0,7.2,0
150,31.9,23.1,22.0,0.147,58,16.9,0.097,22.6,86.0,5.4,1
34,1.7,5.1,15.6,-0.01,38,2.6,0.008,6.0,48.6,4.2,0
233,44.1,30.1,22.2,0.024,77,42.1,0.06,38.4,78.4,7.3,1
66,0.0,2.3,9.3,-0.027,21,0.8,-0.005,10.7,26.0,3.6,0
122,5.7,5.9,13.8,-0.044,32,11.8,-0.009,17.0,32.5,5.4,0
289,56.3,36.0,20.2,0.012,71,23.4,0.036,30.1,51.1,11.3,1
115,6.8,3.8,15.7,0.003,23,10.0,-0.016,8.8,42.0,5.0,0
124,44.1,31.6,22.8,0.115,26,29.8,0.107,36.1,87.8,9.1,1
56,2.8,4.3,13.1,-0.027,33,10.6,0.0,5.5,48.3,4.6,0
132,8.3,2.5,17.5,-0.024,8,10.3,0.003,12.8,57.1,4.0,0
185,58.0,29.2,20.0,0.015,35,59.5,0.181,32.5,75.3,4.0,1
79,53.5,28.3,23.0,0.012,65,41.6,0.158,34.1,55.4,4.0,1
43,7.4,3.7,16.4,0.014,9,4.0,-0.048,14.6,29.2,2.9,0
131,6.2,6.7,17.8,-0.031,38,7.0,-0.047,16.9,43.5,5.3,0
27,0.0,2.5,14.9,-0.028,36,6.3,0.001,15.3,35.3,5.5,0
95,7.0,6.0,15.1,-0.006,21,12.7,-0.033,5.1,45.0,3.5,0
288,59.0,24.3,22.5,0.094,47,39.5,0.056,24.1,64.8,5.0,1
56,12.5,23.9,22.8,0.066,48,19.6,0.181,30.9,83.5,10.8,1
37,3.5,0.0,11.1,0.013,39,8.2,-0.013,5.3,35.7,7.5,0
103,5.4,0.5,15.9,-0.02,6,9.9,-0.022,8.3,35.0,5.8,0
195,12.1,25.8,22.0,0.022,40,52.8,0.149,32.9,54.1,5.9,1
218,49.2,31.9,22.2,0.077,71,60.8,0.08,18.5,70.7,11.3,1
72,21.5,17.5,22.6,0.132,72,41.5,0.147,38.1,53.7,6.1,1
54,2.8,2.5,12.8,-0.049,11,8.3,-0.037,9.3,32.7,3.6,0
90,8.1,7.8,15.0,0.016,10,4.2,0.007,18.6,22.2,4.2,0
37,3.4,5.3,16.5,-0.025,32,12.0,0.01,10.0,50.0,6.0,0
62,6.7,10.6,12.2,-0.047,11,13.2,-0.002,6.0,34.7,2.5,0
102,45.0,24.5,21.4,0.041,52,21.8,0.12,24.1,88.0,4.2,1
69,2.5,1.1,15.2,-0.038,29,6.0,-0.025,8.2,54.4,2.8,0
97,0.6,2.6,13.4,-0.013,5,11.4,-0.044,13.6,37.4,2.4,0
129,0.6,8.1,12.4,-0.027,14,12.7,-0.028,11.6,44.3,4.2,0
23,0.9,3.9,16.2,-0.047,39,13.2,-0.035,19.9,55.7,3.2,0
123,28.6,20.6,21.3,0.098,75,33.8,0.07,26.0,53.8,11.8,1
224,39.7,35.8,20.2,0.051,55,46.4,0.146,23.6,63.8,8.5,1
47,0.0,4.2,16.6,-0.024,8,0.0,-0.045,12.4,38.9,7.4,0
131,2.9,8.3,17.8,-0.031,31,2.4,-0.013,18.7,21.9,2.0,0
287,32.4,19.0,20.1,0.083,32,40.4,0.024,22.1,68.4,9.6,1
103,32.0,19.3,20.2,0.078,71,51.0,0.155,25.9,63.7,4.7,1
27,0.0,2.3,11.1,-0.04,31,1.2,-0.018,14.2,31.9,2.2,0
64,7.0,0.9,11.3,0.007,13,18.7,-0.03,6.3,42.3,7.2,0
47,11.8,7.4,17.6,-0.046,25,6.1,-0.045,11.4,39.2,2.6,0
32,3.7,3.3,12.4,-0.012,23,11.8,-0.015,14.9,40.4,2.6,0
137,3.5,1.7,12.1,-0.018,38,5.7,0.004,16.4,59.1,7.4,0
61,6.6,6.2,9.7,0.013,34,8.5,-0.012,9.0,30.2,7.2,0
146,5.5,5.5,12.6,-0.035,35,14.1,-0.005,11.0,41.5,6.5,0
45,4.7,7.7,13.5,-0.05,30,19.8,0.004,19.8,46.1,7.0,0
110,3.6,2.1,16.6,-0.001,31,14.8,-0.004,2.4,36.8,4.9,0
98,12.2,6.5,17.4,0.008,11,11.4,-0.014,6.7,41.6,3.6,0
121,8.1,0.0,9.0,-0.033,13,13.2,-0.022,5.0,49.1,2.4,0
49,4.8,2.7,17.6,-0.033,26,13.2,-0.044,8.0,29.0,7.1,0
112,3.6,7.0,9.8,-0.004,31,13.2,-0.042,16.1,29.7,4.1,0
115,1.9,7.7,15.2,-0.022,32,12.6,-0.019,18.4,42.1,2.2,0
148,1.0,6.1,12.5,-0.007,37,3.3,-0.018,8.7,43.2,7.3,0
39,0.0,4.4,13.5,-0.047,25,16.1,-0.008,4.7,51.8,5.8,0
127,10.3,0.0,17.0,-0.031,19,8.7,-0.005,16.6,28.1,7.8,0
223,20.2,34.8,22.6,0.081,28,32.3,0.167,23.0,52.8,6.7,1
79,3.8,8.2,14.4,-0.004,35,6.4,-0.028,16.1,43.8,5.9,0
126,6.2,3.9,13.4,-0.046,8,1.9,-0.001,11.4,40.3,4.1,0
24,4.8,5.5,13.2,0.011,9,7.7,0.001,8.5,55.6,7.6,0
14,5.4,0.0,16.3,-0.008,38,10.9,-0.043,13.6,37.3,6.9,0
27,11.5,0.7,11.5,0.014,25,0.0,0.0,7.6,58.5,2.5,0
60,0.0,2.2,16.4,-0.044,34,12.2,0.001,13.7,41.3,3.8,0
13,8.1,7.8,13.3,-0.021,15,0.6,-0.024,19.2,31.8,3.5,0
39,5.3,0.0,15.8,-0.035,39,15.6,-0.002,5.5,30.2,2.2,0
183,26.1,10.2,20.1,0.097,65,34.3,0.194,34.9,87.7,10.6,1
202,53.8,37.1,21.2,0.108,65,54.3,0.139,26.9,78.5,11.2,1
130,58.7,20.5,22.0,0.114,75,52.5,0.179,23.1,76.7,6.0,1
13,1.7,7.9,11.3,0.006,31,11.2,-0.04,13.4,53.4,6.5,0
90,7.4,2.9,9.5,0.016,27,15.3,-0.009,7.5,40.5,6.1,0
141,8.9,3.4,13.1,-0.01,5,10.1,-0.044,10.5,39.6,3.1,0
61,0.0,5.4,17.5,-0.018,5,5.4,-0.04,13.3,50.0,5.2,0
104,3.8,1.7,15.5,-0.047,19,0.0,-0.047,7.1,40.4,5.2,0
43,4.5,4.0,10.2,0.007,39,13.1,-0.027,10.5,48.7,4.4,0
114,8.3,4.7,10.9,-0.012,28,15.9,-0.0,12.1,59.6,3.6,0
116,43.7,12.3,22.7,0.083,78,26.9,0.025,31.8,70.6,11.0,1
120,3.2,6.3,9.3,0.012,10,3.1,0.004,9.4,36.4,7.2,0
105,5.1,8.8,17.5,-0.035,18,5.1,-0.01,8.9,33.9,7.2,0
148,5.0,0.3,17.6,-0.045,27,6.8,0.0,15.7,33.2,5.2,0
19,10.9,6.5,12.4,-0.03,20,4.7,-0.048,15.5,56.2,6.8,0
117,3.4,0.1,14.6,-0.037,15,9.6,-0.032,9.5,44.8,6.9,0
63,0.0,2.3,15.0,-0.047,27,4.3,-0.047,0.9,37.1,7.6,0
64,13.7,7.8,17.5,-0.031,36,11.5,-0.013,5.9,45.1,3.1,0
116,42.8,28.5,21.0,0.104,32,52.3,0.105,26.8,61.2,10.8,1
209,50.3,21.1,20.1,0.125,38,45.0,0.099,32.8,85.3,9.4,1
296,53.3,23.7,20.1,0.044,26,49.8,0.067,25.8,88.5,4.1,1
95,1.3,4.4,13.3,-0.034,22,1.5,-0.049,6.6,25.3,6.0,0
241,24.7,23.3,22.8,0.148,65,24.6,0.039,29.9,65.9,11.6,1
40,1.7,1.5,17.5,-0.028,7,0.0,-0.046,15.7,30.5,6.1,0
67,54.6,24.4,21.2,0.034,41,45.5,0.164,31.0,50.2,7.5,1
88,7.8,4.9,10.2,-0.042,35,8.1,-0.031,3.4,34.4,2.1,0
185,52.4,15.3,22.4,0.071,31,30.2,0.054,37.6,76.9,10.9,1
10,7.3,0.0,16.4,0.019,6,0.0,-0.04,14.8,44.5,6.7,0
130,9.1,1.4,16.5,-0.046,19,2.1,-0.038,9.8,40.2,4.4,0
116,1.8,2.1,11.4,0.003,37,14.8,-0.018,15.4,34.6,2.6,0
74,3.1,7.3,17.4,0.012,31,0.0,-0.032,20.2,45.3,5.3,0
83,0.6,1.4,12.6,0.019,8,0.0,-0.036,8.0,42.4,2.9,0
126,0.0,5.9,10.9,0.01,7,0.0,-0.001,9.6,28.9,4.4,0
105,21.3,20.3,21.0,0.066,64,57.7,0.15,34.9,88.6,10.4,1
71,67.1,19.4,22.7,0.105,55,50.3,0.084,18.9,87.7,7.9,1
116,28.3,12.6,22.1,0.13,55,50.3,0.111,36.2,77.1,6.9,1
59,16.0,36.8,20.4,0.065,73,33.8,0.136,29.4,78.5,6.7,1
142,9.0,4.6,17.6,-0.037,13,11.1,-0.009,13.9,42.6,7.2,0
107,18.1,10.4,20.3,0.058,20,37.8,0.038,35.9,57.4,7.5,1
61,10.2,8.3,13.5,-0.048,35,10.8,-0.019,6.3,33.4,7.2,0
78,10.6,7.0,13.6,-0.041,19,6.1,0.005,4.4,32.7,2.3,0
79,29.1,39.2,20.7,0.039,44,36.3,0.059,41.2,58.8,7.2,1
147,8.9,5.5,12.1,-0.021,22,6.7,-0.045,5.3,48.0,2.1,0
185,52.0,18.3,22.2,0.048,66,32.8,0.115,33.4,57.9,6.0,1
204,27.4,15.4,22.6,0.15,78,49.1,0.059,23.0,58.7,9.6,1
211,24.0,23.4,20.8,0.143,44,24.5,0.156,21.8,65.1,9.9,1
94,8.5,6.9,10.0,-0.026,19,0.0,-0.027,10.1,22.8,3.5,0
126,0.0,3.4,10.1,0.011,7,0.9,-0.049,15.4,27.7,6.9,0
27,3.2,6.5,14.6,-0.005,17,2.5,-0.031,8.4,32.3,7.9,0
54,4.8,4.1,14.2,0.016,20,10.5,0.0,13.4,40.4,6.2,0
27,0.0,0.0,9.2,-0.049,19,18.7,-0.041,4.3,54.8,3.2,0
157,52.0,29.3,21.3,0.1,64,57.5,0.141,32.2,71.4,7.6,1
72,13.4,2.5,15.4,-0.001,10,17.3,0.006,3.6,26.5,3.4,0
121,8.5,4.3,17.2,-0.037,17,4.5,-0.03,17.0,26.6,2.3,0
80,4.9,6.4,9.8,-0.038,12,8.5,-0.024,10.0,41.1,4.2,0
54,15.3,3.3,10.1,-0.013,32,12.0,-0.034,12.2,53.1,6.2,0
38,7.4,3.7,17.9,-0.022,29,3.6,-0.041,15.8,31.0,2.8,0
58,19.3,14.1,20.9,0.088,53,54.9,0.083,27.1,47.9,10.4,1
33,7.1,5.6,9.9,-0.022,23,13.9,-0.003,8.7,37.2,2.1,0
96,0.0,0.6,9.9,0.002,18,0.0,-0.022,8.5,47.6,5.4,0
159,57.6,16.6,20.6,0.047,71,35.7,0.051,22.4,59.7,5.1,1
147,8.7,3.2,17.2,0.018,31,3.2,-0.038,11.2,38.1,7.3,0
34,0.5,4.1,16.7,-0.019,9,12.3,-0.002,12.5,26.1,2.6,0
16,0.0,1.1,15.2,0.009,38,0.0,0.009,2.5,54.9,3.8,0
192,17.6,14.2,20.4,0.137,71,35.3,0.196,39.6,59.8,11.1,1
139,0.0,4.9,14.2,0.01,33,4.2,-0.019,12.4,21.1,4.3,0
39,2.3,3.1,14.6,-0.025,36,13.0,-0.049,10.2,49.2,8.0,0
147,4.4,7.4,12.6,-0.022,30,8.3,-0.016,7.2,28.3,2.8,0
54,8.2,5.5,17.6,-0.022,16,6.4,-0.01,7.9,46.8,2.2,0
101,2.4,2.0,14.5,-0.012,13,6.2,-0.004,6.5,49.6,7.2,0
191,52.7,19.7,22.5,0.116,20,34.7,0.194,36.7,79.8,11.5,1
147,6.6,10.1,12.1,-0.018,37,8.7,-0.03,18.2,30.8,7.9,0
57,54.2,32.5,20.7,0.015,64,23.3,0.173,32.2,88.2,9.4,1
66,44.9,30.0,21.3,0.139,66,52.8,0.127,23.1,45.6,4.6,1
55,2.3,5.7,16.7,0.003,29,0.0,-0.044,0.6,33.9,5.7,0
138,0.0,3.2,17.0,-0.012,7,11.2,-0.008,13.1,40.4,4.6,0
81,8.7,1.9,11.6,-0.002,12,3.6,-0.039,14.3,59.0,7.2,0
60,14.3,4.9,13.0,-0.016,30,0.0,-0.03,2.8,22.9,3.2,0
258,56.6,22.0,20.7,0.035,72,29.3,0.105,42.4,79.7,11.2,1
31,4.9,6.8,13.8,0.008,16,4.6,-0.035,9.5,49.6,4.7,0
104,8.4,0.0,12.5,0.002,28,6.6,0.007,14.6,28.6,6.4,0
131,1.0,9.1,10.9,0.019,19,10.4,-0.014,4.0,35.3,7.7,0
133,25.9,22.0,22.0,0.012,41,49.0,0.083,26.1,75.8,5.7,1
121,43.5,12.8,20.8,0.091,42,62.3,0.055,32.3,89.4,11.1,1
170,33.5,36.2,22.8,0.131,69,49.2,0.048,33.5,47.9,5.6,1
11,9.1,5.4,10.3,-0.018,34,12.4,-0.035,6.3,23.1,5.0,0
14,2.9,3.4,11.6,0.014,35,14.4,0.002,9.8,45.0,2.1,0
101,12.2,4.7,17.6,-0.032,30,22.3,-0.043,18.4,25.1,4.3,0
68,0.0,4.7,9.6,-0.047,9,12.1,-0.043,5.5,42.6,3.6,0
66,6.2,7.4,15.0,-0.031,37,2.4,-0.017,7.4,54.4,5.9,0
143,4.8,0.3,13.6,-0.039,35,0.0,-0.05,11.9,59.9,6.2,0
175,17.5,31.2,22.6,0.146,46,59.2,0.198,37.7,58.3,6.0,1
70,2.8,2.0,15.1,-0.026,19,1.1,-0.023,13.9,35.5,4.3,0
35,2.4,9.0,16.2,-0.036,38,0.0,-0.013,18.9,32.0,5.8,0
78,7.5,4.8,17.8,-0.003,28,4.4,-0.034,8.3,34.4,7.9,0
142,0.2,6.4,16.5,0.019,25,16.5,-0.039,6.9,46.1,2.3,0
88,2.8,2.0,15.0,-0.007,36,8.3,-0.025,12.0,32.3,4.8,0
134,5.7,5.1,16.0,-0.033,5,6.7,-0.027,16.6,49.0,2.4,0
204,46.8,13.7,20.5,0.022,47,53.4,0.183,18.3,73.6,9.5,1
91,6.9,3.5,12.9,-0.011,37,2.9,-0.021,10.6,35.5,6.9,0
57,45.0,29.6,23.0,0.083,20,28.2,0.048,32.1,78.1,10.9,1
81,5.6,2.3,11.5,-0.043,34,1.9,0.001,6.0,48.6,5.4,0
66,5.4,2.5,17.5,0.009,16,8.3,-0.05,14.6,51.8,3.6,0
52,10.1,0.7,9.9,-0.045,8,2.6,-0.005,9.6,50.5,6.5,0
288,34.1,38.3,21.9,0.115,34,38.1,0.126,34.2,68.2,10.5,1
124,2.3,0.0,15.8,-0.047,22,8.3,-0.005,13.6,22.0,5.7,0
295,25.3,12.3,22.2,0.11,45,52.3,0.13,22.7,45.9,4.3,1
97,6.8,3.4,14.7,-0.038,23,16.9,-0.016,9.5,58.0,2.5,0
138,0.0,5.6,16.5,0.006,9,4.9,0.0,11.7,55.0,3.3,0
133,1.1,6.7,11.3,-0.028,38,15.2,-0.015,14.7,52.8,4.1,0
169,46.9,37.0,20.4,0.045,40,36.9,0.144,31.6,64.4,9.5,1
127,10.9,4.3,15.1,-0.02,29,6.2,-0.022,11.9,50.6,3.0,0
54,3.9,0.5,9.5,-0.05,9,11.3,-0.027,4.3,36.6,5.7,0
118,0.0,9.5,12.8,-0.011,32,13.1,-0.026,2.8,30.8,7.1,0
178,23.4,26.8,21.6,0.079,78,30.5,0.178,30.2,60.0,5.7,1
129,8.8,8.0,10.3,0.01,12,13.1,-0.039,9.3,46.6,6.3,0
43,0.0,8.9,16.2,-0.011,32,14.0,-0.046,10.0,23.2,6.5,0
74,9.9,9.8,9.1,0.012,27,8.0,-0.041,18.9,31.3,7.4,0
146,12.0,0.7,16.6,-0.015,35,1.5,-0.047,8.2,54.8,3.3,0
93,1.4,1.1,14.1,0.012,35,9.5,-0.046,7.7,34.7,5.7,0
111,0.0,0.6,16.5,-0.001,17,4.3,-0.014,1.3,24.8,3.9,0
111,11.0,0.0,9.2,0.008,22,6.6,-0.042,12.4,42.7,7.8,0
13,2.4,8.8,10.7,-0.014,29,1.1,-0.029,17.0,24.7,3.9,0
76,7.2,4.1,9.1,-0.002,7,15.0,-0.04,5.7,42.6,5.8,0
57,1.1,0.9,14.1,0.007,22,10.9,-0.009,8.6,20.1,2.2,0
146,0.0,5.9,13.8,-0.019,37,4.5,-0.017,18.5,34.7,3.2,0
132,7.0,0.0,12.3,-0.001,25,8.7,-0.002,10.7,27.8,7.8,0
129,9.7,0.8,13.9,0.017,35,13.3,-0.034,14.4,30.1,4.1,0
140,0.0,2.1,14.4,-0.031,18,2.7,-0.04,1.8,56.3,8.0,0
256,37.8,23.9,22.5,0.013,70,50.6,0.051,25.0,68.7,4.7,1
108,8.2,3.3,15.2,0.014,21,3.8,-0.04,16.0,35.8,7.5,0
274,62.2,44.3,20.0,0.134,64,36.9,0.105,24.7,88.0,9.6,1
97,0.0,2.5,9.0,-0.025,14,0.0,-0.022,11.8,30.6,5.9,0
118,8.0,8.9,9.5,-0.009,22,1.2,-0.024,6.8,53.7,3.3,0
47,2.2,6.7,16.8,0.015,9,13.2,-0.036,15.5,58.2,7.8,0
34,3.8,9.1,10.4,0.002,21,0.0,-0.019,11.3,53.0,5.0,0
99,0.8,6.1,14.7,-0.044,38,0.0,-0.038,15.5,50.5,6.2,0
51,5.4,0.7,9.4,-0.02,6,11.1,-0.038,10.4,45.9,3.6,0
175,49.7,31.4,22.0,0.057,67,19.6,0.069,29.4,59.2,11.9,1
245,44.5,38.2,20.1,0.113,31,60.1,0.098,34.2,88.6,5.1,1
175,52.4,36.4,20.2,0.097,24,49.4,0.164,34.7,46.0,8.5,1
122,6.1,6.9,11.8,-0.01,29,3.3,-0.018,16.9,44.6,5.8,0
137,9.0,1.3,11.0,-0.043,6,0.0,-0.024,11.4,47.3,3.7,0
50,3.8,3.5,13.1,-0.002,23,11.8,0.002,7.8,49.8,7.1,0
90,52.5,41.3,22.5,0.088,53,26.4,0.098,31.5,85.6,6.1,1
150,30.9,40.6,20.1,0.135,43,30.2,0.172,36.6,66.4,10.8,1
102,6.1,3.6,13.8,-0.004,14,5.7,-0.023,6.0,44.3,3.1,0
210,52.0,31.3,21.7,0.118,59,26.9,0.021,37.1,74.6,6.9,1
53,4.6,8.6,14.7,0.005,37,4.1,0.005,11.1,23.1,7.8,0
126,7.4,1.7,10.8,-0.002,14,3.6,0.006,7.4,40.8,4.3,0
44,8.7,4.4,12.4,-0.049,12,18.1,-0.027,10.6,53.3,3.1,0
209,38.3,18.3,21.8,0.014,54,39.6,0.078,30.8,54.4,7.6,1
112,4.2,3.7,10.7,0.011,22,6.5,0.002,13.6,20.3,5.7,0
82,5.5,3.0,11.4,-0.019,13,0.0,-0.026,14.6,52.6,7.6,0
119,13.0,6.5,16.2,-0.027,22,12.1,-0.038,3.8,28.3,5.1,0
34,4.7,4.3,11.7,-0.018,9,14.3,-0.027,9.3,30.5,2.3,0
178,52.5,13.2,21.0,0.085,37,55.0,0.181,17.5,51.4,8.8,1
126,9.4,5.8,12.9,-0.034,24,10.6,-0.026,13.9,44.5,3.7,0
111,7.7,0.0,10.2,-0.036,22,8.1,-0.028,10.9,56.2,3.0,0
142,26.3,16.2,21.4,0.079,52,22.6,0.088,32.9,55.3,7.4,1
149,7.6,10.0,12.4,-0.032,26,11.6,-0.003,12.9,44.4,2.3,0
25,4.5,0.7,15.2,-0.014,19,7.0,-0.02,8.1,27.4,4.1,0
214,15.3,23.9,21.8,0.146,48,42.3,0.089,26.9,83.4,5.8,1
150,53.6,17.0,20.1,0.023,36,50.9,0.131,22.8,73.0,4.4,1
22,5.8,1.9,14.2,0.019,12,11.5,-0.021,3.1,50.5,3.0,0
128,47.8,14.9,22.6,0.07,25,40.6,0.04,30.2,56.1,11.8,1
114,23.6,18.3,20.6,0.137,46,18.3,0.104,32.7,55.0,5.8,1
90,7.8,2.6,17.2,0.008,34,0.0,-0.011,10.4,42.0,6.1,0
37,6.1,0.6,11.5,-0.033,5,3.4,-0.041,15.3,23.1,2.6,0
80,16.7,27.2,22.3,0.037,32,37.3,0.181,26.5,55.8,6.1,1
59,9.1,4.1,16.4,0.005,31,14.5,-0.008,6.3,30.1,5.8,0
110,1.1,5.3,13.3,0.006,35,2.5,-0.034,4.9,24.9,6.8,0
27,1.4,4.1,11.2,0.018,32,10.8,-0.046,11.9,25.7,3.1,0
121,0.0,9.7,11.0,-0.048,16,3.0,-0.033,4.8,37.1,2.8,0
264,20.9,20.2,21.8,0.032,39,24.3,0.178,31.7,63.4,6.5,1
14,0.0,8.1,9.4,-0.027,19,5.2,-0.011,7.2,29.2,3.2,0
55,47.9,15.0,20.8,0.139,63,39.3,0.027,21.1,64.8,6.0,1
188,26.4,39.2,20.4,0.046,78,41.0,0.15,33.8,65.3,8.2,1
125,0.0,7.8,15.8,-0.027,25,14.1,-0.037,3.5,33.7,6.5,0
115,63.2,25.9,20.6,0.105,44,31.0,0.185,36.3,55.9,11.6,1
129,53.1,32.8,22.9,0.12,48,17.5,0.185,39.1,60.1,6.9,1
192,55.5,33.1,21.6,0.039,78,32.1,0.154,35.7,74.3,7.2,1
57,6.9,2.1,15.2,-0.002,11,3.4,-0.043,5.8,23.1,5.6,0
99,2.2,7.4,17.2,-0.015,7,8.9,-0.021,15.4,56.7,4.3,0
146,9.7,2.1,17.6,-0.019,38,11.6,-0.033,5.8,28.7,5.5,0
71,0.8,2.5,15.9,-0.03,38,0.0,-0.048,7.6,45.1,2.4,0
42,6.9,0.0,14.1,-0.017,29,10.3,0.009,13.1,58.6,5.1,0
217,29.0,34.8,21.8,0.01,36,44.5,0.127,19.7,59.7,8.5,1
77,2.0,2.7,9.4,0.007,21,2.7,0.008,15.1,48.8,5.4,0
140,4.4,0.0,11.6,-0.005,23,0.0,-0.0,11.3,27.5,5.3,0
75,1.8,4.3,13.1,-0.014,27,10.8,-0.035,7.7,28.7,5.0,0
118,7.3,4.9,9.5,-0.002,39,2.3,-0.008,9.7,38.8,5.1,0
80,14.4,17.8,20.3,0.118,29,39.8,0.179,31.2,83.7,4.1,1
147,1.2,1.4,10.1,0.007,35,8.5,-0.001,16.4,55.1,3.9,0
130,4.8,3.3,12.9,-0.018,24,11.4,-0.025,6.3,39.6,6.9,0
26,5.9,9.8,11.1,-0.025,8,4.8,-0.026,11.1,21.6,7.7,0
84,1.8,8.0,17.9,-0.019,39,17.1,0.002,14.6,47.6,6.1,0
146,15.4,6.2,11.4,-0.014,11,3.3,0.007,13.5,29.8,2.6,0
136,4.0,6.8,17.6,-0.029,16,6.6,0.007,6.0,23.3,4.6,0
284,52.4,18.0,21.4,0.014,79,38.2,0.051,29.9,53.7,5.6,1
124,2.4,2.7,14.1,0.002,19,20.5,-0.003,5.9,50.7,2.1,0
167,25.4,20.7,21.3,0.08,35,31.7,0.053,23.4,55.7,5.8,1
93,12.0,2.3,9.3,-0.024,38,13.7,0.0,16.8,24.9,7.1,0
136,4.2,4.2,17.7,-0.01,37,4.0,-0.02,19.8,27.6,7.9,0
70,5.5,3.3,13.1,-0.031,23,2.5,-0.024,17.7,33.2,7.3,0
133,5.7,5.5,17.4,-0.049,34,0.0,-0.044,15.1,38.2,5.0,0
144,7.9,4.1,12.3,-0.029,24,10.6,-0.045,12.2,40.2,5.2,0
138,19.6,30.6,21.2,0.112,60,52.4,0.06,33.2,73.3,9.9,1
262,22.6,11.6,21.0,0.078,43,21.7,0.199,41.4,45.9,10.9,1
22,2.2,4.1,13.1,-0.031,7,13.1,-0.02,11.3,58.3,7.3,0
75,7.8,4.5,9.4,0.02,12,6.1,-0.035,3.5,59.4,4.0,0
69,9.0,2.4,13.7,0.014,19,0.0,-0.025,16.7,42.4,4.3,0
134,51.8,34.7,20.7,0.02,28,36.6,0.142,36.7,73.7,10.0,1
144,0.8,9.7,14.7,0.015,15,0.5,-0.046,3.5,54.4,3.3,0
125,0.0,4.1,16.4,-0.018,25,13.2,-0.046,11.5,51.0,2.9,0
144,2.0,2.9,12.7,-0.025,10,9.9,-0.016,12.5,58.7,5.9,0
265,11.1,29.2,20.2,0.076,60,35.6,0.054,27.6,75.6,6.1,1
136,9.6,3.0,10.3,-0.035,17,4.2,-0.043,14.5,59.6,7.3,0
128,6.7,0.0,16.5,0.016,25,9.1,-0.039,8.8,32.1,7.2,0
252,43.0,31.8,21.6,0.134,46,51.5,0.032,36.7,59.1,8.7,1
282,26.2,31.3,20.4,0.133,47,49.9,0.123,24.7,68.1,6.0,1
240,48.1,26.9,22.4,0.057,56,40.9,0.135,29.3,58.4,11.6,1
92,44.8,17.3,23.0,0.128,20,58.4,0.069,30.5,63.2,5.4,1
123,0.0,0.0,15.9,-0.022,27,12.3,-0.049,12.6,24.4,6.7,0
120,60.0,36.8,21.9,0.048,55,35.4,0.057,34.6,89.8,4.1,1
53,0.0,5.9,9.5,-0.011,33,14.8,0.009,5.8,22.7,7.7,0
229,41.4,28.5,22.8,0.141,72,16.8,0.194,29.9,51.8,6.5,1
147,0.0,3.8,12.9,-0.018,23,2.0,0.009,9.0,27.9,5.2,0
130,9.5,0.0,15.1,-0.047,31,8.1,0.006,9.1,38.3,7.9,0
176,45.5,38.3,22.9,0.146,56,54.9,0.124,30.5,79.9,9.9,1
72,4.3,0.0,13.9,-0.034,13,6.2,-0.026,12.6,58.6,6.9,0
25,3.4,0.0,10.1,-0.046,17,2.7,-0.023,7.2,20.7,5.1,0
99,7.4,0.3,17.4,-0.018,11,3.9,-0.008,6.5,36.7,6.6,0
161,32.3,27.7,22.7,0.054,22,43.8,0.092,39.0,77.8,10.0,1
50,3.7,2.1,12.5,-0.028,33,6.4,-0.036,15.8,49.6,3.9,0
83,4.2,0.0,16.4,-0.036,8,3.1,0.006,6.5,23.4,7.2,0
221,52.2,10.1,20.2,0.085,37,36.5,0.185,28.6,48.1,6.8,1
119,5.2,7.8,15.7,-0.008,38,8.9,-0.035,13.0,32.9,5.1,0
117,29.0,38.6,21.4,0.028,35,43.5,0.125,40.0,62.4,11.4,1
13,1.4,2.1,10.1,-0.026,24,12.3,-0.047,11.3,38.1,3.8,0
33,0.0,0.0,16.3,-0.003,16,18.4,0.003,0.7,35.4,6.7,0
120,11.6,4.5,12.1,0.012,30,13.9,-0.038,12.7,49.6,3.6,0
16,2.2,6.3,13.3,-0.012,37,12.7,-0.005,12.4,27.1,2.3,0
109,7.7,5.8,13.9,-0.032,26,7.7,-0.038,5.5,26.9,7.9,0
32,2.2,5.2,12.3,-0.037,38,13.5,-0.044,16.4,32.2,5.9,0
245,49.8,38.9,20.7,0.022,58,50.4,0.095,31.2,45.9,5.3,1
128,3.6,5.0,13.9,-0.046,39,5.6,-0.005,3.8,46.8,3.4,0
42,9.3,1.5,17.5,0.015,27,4.3,-0.009,7.5,29.0,3.7,0
117,51.7,14.3,21.8,0.058,75,30.1,0.034,32.4,67.0,5.1,1
140,6.8,3.0,13.3,-0.011,15,17.0,-0.005,20.4,20.3,3.3,0
245,33.7,21.1,20.7,0.1,61,41.9,0.174,25.7,57.0,11.9,1
117,1.3,4.4,9.7,-0.002,21,6.2,-0.004,18.6,24.5,6.2,0
62,0.0,1.2,13.8,-0.019,6,1.9,-0.021,14.2,35.1,7.2,0
137,10.7,0.3,11.9,-0.03,27,2.2,-0.043,1.9,51.0,5.1,0
135,0.0,4.3,16.4,0.005,7,12.1,0.005,2.5,41.7,5.8,0
82,8.4,0.0,13.9,-0.042,15,6.4,0.001,1.0,41.1,5.2,0
128,1.3,6.8,17.3,-0.018,24,12.2,0.008,21.0,51.7,7.9,0
170,28.5,33.6,20.8,0.015,57,39.1,0.077,32.6,88.5,9.4,1
93,12.3,6.1,11.9,-0.039,18,8.2,-0.036,0.0,20.0,5.6,0
19,4.5,6.7,12.4,-0.022,37,3.7,-0.005,15.5,55.6,6.3,0
38,2.7,8.0,12.1,0.008,20,8.6,-0.036,7.4,46.2,2.5,0
210,30.0,22.2,21.5,0.104,29,22.5,0.181,25.9,69.9,9.2,1
146,4.0,0.0,13.2,-0.045,30,8.3,-0.034,0.0,48.8,7.0,0
87,44.8,14.1,22.0,0.147,57,39.0,0.187,27.2,59.4,11.1,1
57,3.3,7.7,14.8,-0.022,23,7.8,-0.0,3.6,55.6,3.9,0
42,5.2,0.5,10.3,-0.011,17,5.9,-0.026,16.8,39.5,3.3,0
235,46.9,18.3,21.0,0.053,58,21.0,0.029,30.6,45.9,4.8,1
59,0.0,0.0,14.6,-0.039,28,12.3,0.005,9.5,21.6,7.3,0
119,4.4,1.3,13.6,-0.008,38,11.5,-0.031,8.9,34.4,5.4,0
91,58.5,32.1,22.3,0.063,63,29.1,0.169,33.1,85.4,9.0,1
60,12.9,5.1,17.6,-0.037,6,5.3,-0.039,5.8,41.5,7.5,0
118,9.5,4.4,9.2,-0.046,35,12.8,-0.009,3.2,57.5,6.0,0
233,22.7,19.9,21.9,0.015,68,19.1,0.03,27.7,65.9,8.9,1
72,5.7,5.7,16.7,0.015,13,5.7,-0.038,10.4,26.1,5.3,0
138,1.1,4.6,11.2,-0.048,10,9.1,-0.004,18.3,37.1,6.6,0
237,30.8,32.6,20.6,0.047,65,22.3,0.053,39.0,78.2,9.9,1
51,12.5,6.4,14.7,0.01,27,8.2,-0.038,10.9,24.4,2.2,0
129,22.6,17.6,21.7,0.102,77,38.2,0.194,34.2,81.1,6.1,1
66,2.6,4.4,16.8,-0.028,39,6.5,-0.022,11.3,41.3,3.6,0
131,10.3,8.4,10.0,-0.02,23,0.7,-0.026,0.0,42.6,2.6,0
27,6.6,2.5,14.2,-0.008,10,0.5,-0.041,0.0,29.5,6.6,0
102,5.8,3.7,11.6,-0.008,22,0.8,0.002,7.0,25.8,5.7,0
146,9.0,7.1,11.7,-0.009,6,8.4,-0.05,5.9,43.6,3.0,0
233,55.7,14.7,22.0,0.084,25,29.9,0.126,32.5,50.5,8.4,1
63,7.3,3.4,17.5,-0.042,12,0.0,0.007,6.6,54.2,2.0,0
202,54.0,27.5,22.6,0.048,39,39.8,0.091,24.6,79.2,10.3,1
99,48.6,37.4,21.0,0.035,49,54.6,0.14,31.3,80.1,9.1,1
114,8.0,7.2,11.4,-0.042,20,15.4,-0.029,17.7,46.7,6.2,0
63,0.7,0.8,11.0,0.013,28,10.8,-0.044,7.3,42.5,7.7,0
105,6.0,0.0,12.0,-0.026,21,14.8,-0.017,8.0,57.4,6.1,0
197,42.0,19.4,21.7,0.073,53,26.3,0.145,36.8,52.8,6.5,1
27,5.4,3.7,11.5,-0.036,29,12.1,-0.002,10.9,23.3,3.6,0
83,4.4,2.9,15.2,0.012,35,11.7,-0.02,16.8,55.7,5.5,0
135,0.0,4.6,13.8,-0.011,37,9.9,-0.041,15.6,29.2,3.7,0
91,35.0,33.3,20.3,0.036,63,42.9,0.187,41.4,60.4,6.6,1
35,5.8,5.1,17.0,0.006,5,2.7,-0.005,4.2,47.5,4.1,0
142,0.0,4.5,15.1,0.012,13,0.2,0.009,7.8,45.0,4.9,0
111,0.1,0.0,13.0,-0.043,5,9.1,-0.048,2.9,36.5,5.3,0
194,30.6,9.6,21.1,0.034,60,46.5,0.154,32.3,60.2,4.9,1
52,56.0,32.2,21.5,0.085,47,53.2,0.149,26.3,53.6,5.8,1
107,7.0,7.5,9.3,-0.022,12,11.6,0.0,3.2,26.4,5.9,0
12,1.5,7.6,16.4,0.016,36,7.0,-0.016,15.1,50.0,7.8,0
284,37.3,21.6,20.1,0.057,77,37.4,0.102,24.4,55.6,10.7,1
116,39.7,32.2,22.2,0.045,24,29.6,0.193,22.0,64.3,11.0,1
43,0.0,6.7,10.4,0.002,12,8.3,-0.008,5.1,49.2,8.0,0
35,5.5,1.0,15.2,-0.045,10,6.7,-0.013,3.1,28.7,2.5,0
116,10.5,3.2,10.1,-0.04,9,17.6,-0.005,12.2,42.9,7.2,0
20,4.7,3.6,13.0,-0.03,24,12.5,-0.014,10.6,24.7,5.4,0
60,3.8,1.2,11.1,-0.026,29,13.6,-0.027,21.6,30.0,3.9,0
99,5.9,5.8,17.4,0.014,33,0.0,-0.043,10.9,32.2,2.9,0
145,0.0,10.9,17.8,-0.039,15,11.7,0.009,10.6,42.6,3.8,0
105,38.6,29.7,21.0,0.033,45,40.6,0.17,30.3,89.4,7.5,1
82,7.1,4.0,16.7,0.019,21,4.7,0.001,16.0,38.0,3.7,0
73,5.7,1.7,11.5,0.019,36,12.0,-0.018,14.8,22.2,5.8,0
130,0.0,5.4,11.4,-0.034,25,10.7,-0.035,16.3,24.4,2.2,0
129,3.9,3.4,13.7,-0.047,21,18.3,-0.035,8.5,57.5,6.7,0
80,51.6,27.1,22.6,0.145,37,43.3,0.074,24.2,69.4,7.5,1
91,2.2,6.7,15.6,-0.044,13,11.2,-0.024,15.7,56.9,5.6,0
131,4.6,6.9,17.3,-0.006,6,4.2,-0.019,19.5,42.1,5.7,0
127,10.8,4.6,9.3,-0.049,38,11.6,-0.001,15.6,30.3,4.0,0
123,1.7,0.0,10.5,0.012,27,0.0,-0.041,8.1,36.6,5.8,0
59,1.1,7.9,16.2,-0.037,8,13.6,0.004,3.5,27.9,2.0,0
117,0.0,7.3,11.7,0.012,20,0.0,-0.027,2.7,49.3,6.5,0
174,18.6,21.7,22.0,0.081,54,53.0,0.113,38.1,47.6,8.7,1
91,0.0,0.7,14.9,-0.032,39,3.4,-0.015,14.2,36.5,4.5,0
202,38.4,10.9,21.6,0.113,23,20.3,0.141,24.5,45.8,6.0,1
103,5.7,0.0,17.6,-0.009,24,0.0,-0.03,7.4,54.7,5.2,0
235,39.0,33.3,21.7,0.066,20,63.0,0.158,28.4,78.7,11.6,1
14,5.1,5.5,11.3,-0.029,14,8.1,-0.008,13.5,35.7,4.4,0
15,0.0,2.0,16.4,-0.023,19,9.2,-0.007,3.5,56.8,5.9,0
37,5.1,2.8,9.6,-0.016,16,11.6,-0.001,14.4,36.0,2.5,0
143,4.3,5.0,9.4,-0.02,14,5.3,-0.006,4.9,40.2,3.3,0
38,10.2,1.9,10.6,-0.016,20,0.0,-0.007,10.6,37.1,3.4,0
274,42.4,15.3,21.4,0.074,58,42.5,0.107,41.0,77.4,4.9,1
53,9.1,8.4,17.3,0.012,39,2.2,-0.025,11.7,45.3,4.3,0
133,7.2,4.9,17.9,-0.046,9,4.2,-0.019,2.4,25.2,6.2,0
199,20.6,33.7,20.3,0.01,34,54.3,0.184,31.1,72.4,12.0,1
119,8.3,3.3,13.7,-0.031,14,5.2,-0.014,3.8,38.7,4.6,0
37,7.3,0.0,10.6,-0.006,25,12.1,-0.026,10.7,47.4,7.8,0
53,0.4,6.4,12.0,-0.037,36,0.0,0.007,16.8,52.6,4.5,0
109,6.1,2.6,11.1,-0.025,14,0.0,-0.026,12.1,53.1,2.5,0
90,2.6,7.7,10.9,-0.038,20,11.4,0.006,14.9,40.1,5.6,0
72,2.5,2.7,16.8,-0.005,28,0.0,-0.012,20.2,48.7,4.1,0
107,5.8,7.5,16.5,-0.011,11,9.4,-0.034,8.2,31.9,5.5,0
17,6.5,2.7,9.5,0.011,5,9.2,-0.038,6.0,40.6,3.2,0
